-- MySQL dump 10.13  Distrib 5.7.17, for Win64 (x86_64)
--
-- Host: 127.0.0.1    Database: pp_microjobs
-- ------------------------------------------------------
-- Server version	5.7.19-log

/*!40101 SET @OLD_CHARACTER_SET_CLIENT=@@CHARACTER_SET_CLIENT */;
/*!40101 SET @OLD_CHARACTER_SET_RESULTS=@@CHARACTER_SET_RESULTS */;
/*!40101 SET @OLD_COLLATION_CONNECTION=@@COLLATION_CONNECTION */;
/*!40101 SET NAMES utf8 */;
/*!40103 SET @OLD_TIME_ZONE=@@TIME_ZONE */;
/*!40103 SET TIME_ZONE='+00:00' */;
/*!40014 SET @OLD_UNIQUE_CHECKS=@@UNIQUE_CHECKS, UNIQUE_CHECKS=0 */;
/*!40014 SET @OLD_FOREIGN_KEY_CHECKS=@@FOREIGN_KEY_CHECKS, FOREIGN_KEY_CHECKS=0 */;
/*!40101 SET @OLD_SQL_MODE=@@SQL_MODE, SQL_MODE='NO_AUTO_VALUE_ON_ZERO' */;
/*!40111 SET @OLD_SQL_NOTES=@@SQL_NOTES, SQL_NOTES=0 */;

--
-- Table structure for table `categoria`
--

DROP TABLE IF EXISTS `categoria`;
/*!40101 SET @saved_cs_client     = @@character_set_client */;
/*!40101 SET character_set_client = utf8 */;
CREATE TABLE `categoria` (
  `id` int(11) NOT NULL AUTO_INCREMENT,
  `nome` varchar(100) COLLATE utf8mb4_unicode_ci NOT NULL,
  `slug` varchar(255) COLLATE utf8mb4_unicode_ci NOT NULL,
  `data_cadastro` datetime NOT NULL COMMENT '(DC2Type:datetime_immutable)',
  `data_alteracao` datetime DEFAULT NULL COMMENT '(DC2Type:datetime_immutable)',
  PRIMARY KEY (`id`)
) ENGINE=InnoDB AUTO_INCREMENT=8 DEFAULT CHARSET=utf8mb4 COLLATE=utf8mb4_unicode_ci;
/*!40101 SET character_set_client = @saved_cs_client */;

--
-- Dumping data for table `categoria`
--

LOCK TABLES `categoria` WRITE;
/*!40000 ALTER TABLE `categoria` DISABLE KEYS */;
INSERT INTO `categoria` VALUES (1,'Design Gráfico','design-grafico','2017-04-26 00:00:00','2017-04-26 00:00:00'),(2,'Marketing Digital','marketing-digital','2017-04-26 00:00:00','2017-04-26 00:00:00'),(3,'Programação e Tecnologia','programacao-e-tecnologia','2017-04-26 00:00:00','2017-04-26 00:00:00'),(4,'Música e Áudio','musica-e-audio','2017-04-26 00:00:00','2017-04-26 00:00:00'),(5,'Video & Animação','video-animacao','2017-04-26 00:00:00','2017-04-26 00:00:00'),(6,'Escrita e Tradução','escrita-e-traducao','2017-04-26 00:00:00','2017-04-26 00:00:00'),(7,'Negócios','negocios','2017-04-26 00:00:00','2017-04-26 00:00:00');
/*!40000 ALTER TABLE `categoria` ENABLE KEYS */;
UNLOCK TABLES;

--
-- Table structure for table `categoria_servico`
--

DROP TABLE IF EXISTS `categoria_servico`;
/*!40101 SET @saved_cs_client     = @@character_set_client */;
/*!40101 SET character_set_client = utf8 */;
CREATE TABLE `categoria_servico` (
  `categoria_id` int(11) NOT NULL,
  `servico_id` int(11) NOT NULL,
  PRIMARY KEY (`categoria_id`,`servico_id`),
  KEY `IDX_3278C623397707A` (`categoria_id`),
  KEY `IDX_3278C6282E14982` (`servico_id`),
  CONSTRAINT `FK_3278C623397707A` FOREIGN KEY (`categoria_id`) REFERENCES `categoria` (`id`) ON DELETE CASCADE,
  CONSTRAINT `FK_3278C6282E14982` FOREIGN KEY (`servico_id`) REFERENCES `servico` (`id`) ON DELETE CASCADE
) ENGINE=InnoDB DEFAULT CHARSET=utf8mb4 COLLATE=utf8mb4_unicode_ci;
/*!40101 SET character_set_client = @saved_cs_client */;

--
-- Dumping data for table `categoria_servico`
--

LOCK TABLES `categoria_servico` WRITE;
/*!40000 ALTER TABLE `categoria_servico` DISABLE KEYS */;
INSERT INTO `categoria_servico` VALUES (1,1),(1,3),(1,9),(1,10),(1,14),(1,16),(1,20),(1,21),(1,24),(1,26),(1,27),(1,28),(1,31),(1,32),(1,35),(1,38),(1,40),(1,43),(1,52),(1,53),(1,60),(1,71),(1,72),(1,78),(1,80),(1,81),(1,82),(1,84),(1,86),(1,88),(1,89),(1,93),(1,100),(2,2),(2,13),(2,18),(2,19),(2,20),(2,22),(2,32),(2,38),(2,40),(2,44),(2,47),(2,48),(2,49),(2,50),(2,56),(2,60),(2,61),(2,67),(2,69),(2,72),(2,73),(2,87),(2,88),(2,89),(3,3),(3,4),(3,7),(3,8),(3,10),(3,12),(3,13),(3,19),(3,27),(3,28),(3,31),(3,32),(3,33),(3,35),(3,44),(3,47),(3,48),(3,51),(3,53),(3,60),(3,62),(3,74),(3,77),(3,83),(3,84),(3,85),(3,86),(3,89),(3,90),(3,94),(3,95),(3,96),(3,97),(4,1),(4,2),(4,5),(4,10),(4,11),(4,12),(4,16),(4,18),(4,24),(4,25),(4,26),(4,31),(4,32),(4,33),(4,35),(4,36),(4,37),(4,38),(4,39),(4,49),(4,50),(4,51),(4,54),(4,55),(4,58),(4,61),(4,67),(4,68),(4,77),(4,79),(4,80),(4,81),(4,96),(4,97),(4,98),(4,100),(5,2),(5,3),(5,6),(5,9),(5,17),(5,25),(5,26),(5,31),(5,34),(5,39),(5,41),(5,46),(5,49),(5,52),(5,55),(5,56),(5,57),(5,58),(5,61),(5,63),(5,68),(5,73),(5,75),(5,77),(5,80),(5,86),(5,89),(5,91),(5,97),(6,1),(6,4),(6,7),(6,16),(6,20),(6,23),(6,25),(6,29),(6,36),(6,37),(6,40),(6,42),(6,46),(6,47),(6,54),(6,57),(6,58),(6,62),(6,64),(6,67),(6,68),(6,77),(6,81),(6,85),(6,86),(6,98),(6,100),(7,1),(7,4),(7,11),(7,13),(7,14),(7,15),(7,16),(7,20),(7,23),(7,25),(7,26),(7,31),(7,37),(7,44),(7,45),(7,46),(7,49),(7,50),(7,52),(7,54),(7,58),(7,60),(7,62),(7,64),(7,68),(7,72),(7,74),(7,81),(7,85),(7,87),(7,88),(7,89),(7,91),(7,93);
/*!40000 ALTER TABLE `categoria_servico` ENABLE KEYS */;
UNLOCK TABLES;

--
-- Table structure for table `contratacoes`
--

DROP TABLE IF EXISTS `contratacoes`;
/*!40101 SET @saved_cs_client     = @@character_set_client */;
/*!40101 SET character_set_client = utf8 */;
CREATE TABLE `contratacoes` (
  `id` int(11) NOT NULL AUTO_INCREMENT,
  `servico_id` int(11) DEFAULT NULL,
  `cliente_id` int(11) DEFAULT NULL,
  `freelancer_id` int(11) DEFAULT NULL,
  `valor` decimal(2,0) NOT NULL,
  `status` varchar(1) COLLATE utf8mb4_unicode_ci NOT NULL,
  `data_cadastro` datetime NOT NULL COMMENT '(DC2Type:datetime_immutable)',
  `data_alteracao` datetime DEFAULT NULL COMMENT '(DC2Type:datetime_immutable)',
  PRIMARY KEY (`id`),
  KEY `IDX_C99F177182E14982` (`servico_id`),
  KEY `IDX_C99F1771DE734E51` (`cliente_id`),
  KEY `IDX_C99F17718545BDF5` (`freelancer_id`),
  CONSTRAINT `FK_C99F177182E14982` FOREIGN KEY (`servico_id`) REFERENCES `servico` (`id`),
  CONSTRAINT `FK_C99F17718545BDF5` FOREIGN KEY (`freelancer_id`) REFERENCES `usuario` (`id`),
  CONSTRAINT `FK_C99F1771DE734E51` FOREIGN KEY (`cliente_id`) REFERENCES `usuario` (`id`)
) ENGINE=InnoDB AUTO_INCREMENT=1007 DEFAULT CHARSET=utf8mb4 COLLATE=utf8mb4_unicode_ci;
/*!40101 SET character_set_client = @saved_cs_client */;

--
-- Dumping data for table `contratacoes`
--

LOCK TABLES `contratacoes` WRITE;
/*!40000 ALTER TABLE `contratacoes` DISABLE KEYS */;
INSERT INTO `contratacoes` VALUES (5,1,2,5,30,'A','2018-05-03 08:10:05','2018-05-03 08:10:05'),(6,2,5,2,30,'A','2018-05-03 08:19:18','2018-05-03 08:19:18'),(7,83,6,6,30,'A','2018-02-27 02:11:35','2017-09-15 15:13:26'),(8,67,2,2,30,'A','2018-03-06 19:27:07','2017-11-11 17:57:51'),(9,83,2,5,30,'A','2017-06-03 09:23:48','2018-02-17 21:47:59'),(10,36,7,6,30,'A','2017-12-10 04:43:44','2017-12-22 13:23:03'),(11,86,2,2,30,'A','2017-11-03 09:26:00','2017-12-01 00:25:14'),(12,98,5,7,30,'A','2017-08-08 17:35:20','2017-08-27 11:26:57'),(13,76,7,6,30,'A','2017-09-17 23:12:11','2017-08-04 03:30:20'),(14,3,5,2,30,'A','2018-03-28 20:51:18','2017-08-16 15:41:34'),(15,69,2,5,30,'A','2018-02-06 02:23:46','2018-04-11 10:55:59'),(16,25,2,6,30,'A','2017-06-22 18:05:18','2018-01-02 22:55:24'),(17,55,7,2,30,'A','2017-08-07 12:40:31','2018-02-12 22:09:00'),(18,80,5,5,30,'A','2018-01-12 18:28:54','2017-09-17 03:25:02'),(19,90,7,2,30,'A','2017-12-21 17:39:25','2018-04-28 11:44:15'),(20,77,5,7,30,'A','2017-08-15 21:42:29','2017-11-23 06:22:49'),(21,11,7,2,30,'A','2017-07-20 17:29:47','2017-07-28 18:32:43'),(22,99,7,7,30,'A','2017-12-02 00:10:43','2018-02-12 21:38:04'),(23,85,2,6,30,'A','2017-11-22 12:53:57','2018-04-16 20:17:52'),(24,57,6,2,30,'A','2017-05-20 15:48:39','2017-11-26 12:52:12'),(25,3,7,7,30,'A','2018-05-05 00:50:18','2018-02-07 05:37:33'),(26,57,5,7,30,'A','2017-12-31 19:21:15','2018-03-06 14:05:32'),(27,3,7,6,30,'A','2017-06-08 16:40:49','2017-10-02 07:19:53'),(28,87,7,6,30,'A','2017-11-03 12:17:35','2018-02-15 13:41:16'),(29,24,2,7,30,'A','2017-12-04 14:40:16','2017-07-03 13:20:16'),(30,41,6,5,30,'A','2017-11-12 08:34:33','2017-06-10 21:28:21'),(31,35,6,2,30,'A','2017-07-19 13:44:16','2017-08-11 01:21:32'),(32,43,7,2,30,'A','2017-12-27 01:00:56','2018-01-13 21:48:09'),(33,79,5,2,30,'A','2017-07-28 07:25:00','2017-05-23 08:50:34'),(34,67,7,7,30,'A','2017-12-15 15:03:58','2017-12-24 02:50:26'),(35,82,2,7,30,'A','2017-10-20 19:47:28','2017-08-23 10:32:34'),(36,74,7,6,30,'A','2017-10-10 12:49:52','2018-01-12 10:24:54'),(37,96,7,2,30,'A','2018-01-18 02:20:28','2017-06-18 18:18:19'),(38,52,2,6,30,'A','2017-11-24 23:50:29','2018-04-08 04:12:31'),(39,93,5,6,30,'A','2018-02-02 15:04:17','2018-02-21 01:17:36'),(40,86,2,2,30,'A','2018-02-23 15:10:35','2018-01-06 04:42:42'),(41,27,6,2,30,'A','2017-11-06 09:41:10','2017-06-27 22:24:51'),(42,34,2,6,30,'A','2017-12-10 06:45:32','2018-03-05 18:32:54'),(43,52,7,5,30,'A','2017-11-20 04:10:06','2017-11-04 11:44:27'),(44,2,6,2,30,'A','2017-07-22 06:55:53','2018-04-01 18:28:50'),(45,26,7,7,30,'A','2017-07-10 06:22:52','2017-08-14 01:03:22'),(46,7,5,2,30,'A','2017-08-07 14:44:37','2017-06-09 13:34:25'),(47,77,2,7,30,'A','2017-09-22 03:56:29','2017-06-16 03:19:59'),(48,69,2,6,30,'A','2018-03-03 19:36:03','2018-01-30 02:15:48'),(49,50,7,7,30,'A','2017-06-02 16:13:51','2017-12-10 13:43:17'),(50,55,5,6,30,'A','2017-09-26 20:44:57','2017-07-10 16:15:40'),(51,9,5,2,30,'A','2017-11-13 14:19:30','2017-09-12 19:44:12'),(52,59,2,6,30,'A','2017-11-07 10:19:22','2017-06-24 02:58:46'),(53,86,2,7,30,'A','2017-06-12 09:02:27','2017-12-13 05:45:12'),(54,11,6,6,30,'A','2017-07-18 04:35:30','2017-08-21 20:35:40'),(55,70,5,7,30,'A','2018-03-02 04:16:12','2017-09-02 20:39:58'),(56,27,2,5,30,'A','2017-07-25 23:07:40','2018-05-04 16:34:13'),(57,33,5,2,30,'A','2017-06-20 13:43:32','2017-12-18 18:15:41'),(58,25,2,6,30,'A','2017-07-18 15:55:50','2018-04-23 15:35:19'),(59,33,7,2,30,'A','2018-02-24 16:04:30','2017-09-11 22:52:44'),(60,1,5,5,30,'A','2018-05-03 10:51:01','2017-11-22 02:59:54'),(61,37,2,6,30,'A','2018-01-02 08:35:43','2017-08-06 22:04:21'),(62,20,6,7,30,'A','2018-04-22 16:30:28','2017-06-14 14:27:40'),(63,70,5,2,30,'A','2017-07-22 00:43:25','2017-11-10 13:25:52'),(64,11,7,2,30,'A','2018-03-07 19:14:05','2017-12-07 04:08:29'),(65,95,6,2,30,'A','2018-02-01 16:49:18','2017-09-02 01:15:22'),(66,39,6,7,30,'A','2018-03-08 13:56:50','2017-11-04 22:55:20'),(67,69,7,6,30,'A','2017-12-11 20:59:02','2017-08-23 13:27:42'),(68,29,7,2,30,'A','2017-12-07 11:47:15','2017-06-06 15:17:15'),(69,98,7,5,30,'A','2017-08-12 02:50:52','2017-06-21 19:02:08'),(70,31,5,6,30,'A','2017-08-17 11:51:21','2017-08-24 09:47:12'),(71,35,7,2,30,'A','2017-12-31 11:14:50','2017-11-05 06:19:55'),(72,36,5,5,30,'A','2017-10-02 18:26:11','2018-02-17 16:37:07'),(73,75,6,7,30,'A','2017-05-13 16:49:43','2018-04-01 21:11:49'),(74,82,6,7,30,'A','2018-03-30 04:51:14','2017-11-27 03:52:12'),(75,3,5,5,30,'A','2017-08-11 18:29:03','2017-05-15 14:01:13'),(76,81,7,7,30,'A','2018-02-24 03:38:51','2017-09-04 11:51:38'),(77,81,5,7,30,'A','2017-10-19 03:21:39','2017-12-31 11:49:07'),(78,83,6,2,30,'A','2018-04-06 12:13:19','2018-05-04 00:05:14'),(79,58,5,2,30,'A','2017-11-09 23:09:14','2017-11-14 07:41:27'),(80,24,6,6,30,'A','2017-08-28 14:58:57','2017-11-15 23:28:27'),(81,54,7,5,30,'A','2017-06-28 12:23:48','2017-12-20 03:46:24'),(82,6,2,7,30,'A','2017-11-25 02:58:18','2018-04-11 19:23:47'),(83,32,6,2,30,'A','2017-11-04 12:17:25','2017-12-30 22:24:38'),(84,11,5,7,30,'A','2017-10-23 20:05:00','2018-03-30 09:18:59'),(85,24,7,7,30,'A','2017-05-24 20:44:40','2017-09-17 01:18:46'),(86,28,5,2,30,'A','2017-07-03 02:28:01','2017-06-08 05:22:22'),(87,8,2,6,30,'A','2018-01-28 22:42:42','2018-03-25 12:33:42'),(88,98,2,6,30,'A','2018-05-07 13:09:11','2018-04-02 06:46:11'),(89,81,2,7,30,'A','2017-10-31 21:38:13','2018-05-01 06:25:15'),(90,17,2,2,30,'A','2017-05-15 02:27:49','2017-09-22 13:09:21'),(91,41,6,6,30,'A','2017-06-04 10:28:42','2017-05-14 16:23:48'),(92,12,5,6,30,'A','2018-04-16 10:33:54','2017-06-24 03:39:40'),(93,17,2,2,30,'A','2017-07-14 20:55:45','2017-06-23 03:54:24'),(94,22,2,6,30,'A','2018-01-08 20:02:42','2017-10-06 03:30:32'),(95,36,5,5,30,'A','2017-07-31 18:18:12','2018-04-23 18:18:48'),(96,32,7,2,30,'A','2017-11-26 01:09:24','2017-11-11 00:13:21'),(97,47,7,6,30,'A','2018-01-09 17:09:09','2018-05-05 01:41:48'),(98,6,5,6,30,'A','2018-02-11 08:43:14','2017-07-01 06:51:03'),(99,43,6,5,30,'A','2017-05-14 13:28:36','2017-10-01 08:26:00'),(100,91,5,6,30,'A','2017-05-18 01:29:57','2017-08-04 23:38:04'),(101,94,5,6,30,'A','2018-03-24 16:56:46','2017-12-08 20:17:52'),(102,3,2,7,30,'A','2017-12-14 04:48:52','2017-05-14 05:52:51'),(103,8,6,5,30,'A','2017-11-30 05:42:15','2017-08-31 19:38:12'),(104,57,2,2,30,'A','2017-10-14 14:55:13','2018-03-20 09:29:26'),(105,59,2,5,30,'A','2018-01-19 07:41:21','2017-11-15 02:47:24'),(106,62,5,7,30,'A','2018-01-19 08:44:35','2018-02-05 15:50:21'),(107,13,7,7,30,'A','2018-02-07 03:11:40','2017-11-16 09:25:29'),(108,21,7,5,30,'A','2017-08-16 16:02:33','2017-12-10 11:22:25'),(109,72,2,6,30,'A','2018-02-18 14:58:29','2017-05-18 23:30:09'),(110,102,6,6,30,'A','2017-05-26 21:49:01','2017-08-26 05:13:18'),(111,68,5,5,30,'A','2017-10-16 19:36:48','2018-01-13 14:07:26'),(112,1,5,2,30,'A','2018-03-12 16:52:01','2017-06-13 14:11:53'),(113,32,5,2,30,'A','2018-04-12 23:08:00','2017-12-01 13:58:14'),(114,31,5,5,30,'A','2017-12-15 05:35:23','2018-03-05 23:10:12'),(115,25,7,5,30,'A','2017-12-25 06:55:00','2017-12-12 13:20:01'),(116,28,7,7,30,'A','2018-02-22 05:52:40','2017-12-05 13:27:45'),(117,42,2,6,30,'A','2017-08-19 06:24:19','2017-12-29 22:08:59'),(118,8,7,5,30,'A','2017-06-06 04:19:59','2017-07-08 13:22:35'),(119,90,6,6,30,'A','2017-09-25 19:45:18','2017-07-14 08:26:47'),(120,43,7,7,30,'A','2018-01-03 14:24:51','2017-09-01 05:46:18'),(121,80,6,7,30,'A','2018-03-09 02:00:22','2017-11-06 04:48:01'),(122,72,2,5,30,'A','2017-09-01 03:17:21','2017-06-20 16:44:41'),(123,95,2,6,30,'A','2017-08-08 22:44:44','2017-07-04 09:03:01'),(124,15,5,7,30,'A','2017-08-11 00:53:31','2018-04-30 01:10:47'),(125,52,7,7,30,'A','2017-12-06 14:45:01','2018-01-03 23:40:32'),(126,19,7,6,30,'A','2017-09-07 00:51:58','2017-07-25 11:23:10'),(127,86,6,5,30,'A','2018-03-05 20:43:46','2018-01-08 17:21:18'),(128,6,6,7,30,'A','2017-11-21 06:59:19','2018-01-19 19:53:39'),(129,17,7,7,30,'A','2017-11-01 12:06:34','2018-04-06 15:01:35'),(130,83,6,6,30,'A','2017-07-03 00:32:09','2017-10-23 14:49:06'),(131,22,6,2,30,'A','2018-04-19 05:48:21','2017-05-14 04:47:18'),(132,3,6,5,30,'A','2018-04-17 00:48:51','2017-08-13 06:39:12'),(133,25,2,5,30,'A','2018-02-10 14:41:29','2018-02-19 17:36:33'),(134,36,6,6,30,'A','2018-03-01 05:34:34','2017-05-28 12:43:40'),(135,41,5,7,30,'A','2017-10-14 12:33:16','2017-10-30 17:00:34'),(136,9,6,5,30,'A','2017-12-14 10:38:31','2017-05-11 10:12:39'),(137,71,7,5,30,'A','2017-06-08 03:25:07','2017-12-13 14:55:26'),(138,84,7,5,30,'A','2017-08-14 00:11:12','2017-12-21 22:36:19'),(139,99,5,6,30,'A','2017-06-10 14:08:18','2017-08-14 23:01:37'),(140,9,5,2,30,'A','2017-07-18 18:59:10','2017-10-13 11:43:13'),(141,36,2,7,30,'A','2018-04-26 05:12:41','2017-12-02 01:42:17'),(142,101,6,5,30,'A','2017-08-31 10:20:16','2017-07-09 10:05:47'),(143,7,6,2,30,'A','2017-11-05 23:05:36','2017-07-27 03:22:05'),(144,20,5,6,30,'A','2017-05-13 15:33:57','2018-01-08 01:07:57'),(145,55,7,6,30,'A','2018-04-11 04:06:11','2017-12-06 17:20:59'),(146,30,7,2,30,'A','2017-08-14 11:00:31','2017-07-08 01:36:27'),(147,3,6,2,30,'A','2017-05-13 05:34:01','2017-09-03 23:54:02'),(148,29,2,6,30,'A','2018-01-22 21:23:00','2017-12-02 19:01:01'),(149,85,7,5,30,'A','2018-04-03 11:08:45','2017-06-13 03:18:01'),(150,89,6,2,30,'A','2017-06-20 07:53:18','2017-08-05 21:25:49'),(151,33,2,6,30,'A','2017-08-01 19:03:26','2017-09-02 06:30:40'),(152,58,6,6,30,'A','2017-08-01 09:48:32','2017-05-16 00:04:51'),(153,88,2,5,30,'A','2017-10-06 22:42:54','2017-06-14 06:29:30'),(154,74,2,7,30,'A','2017-08-19 06:59:04','2017-05-10 06:30:31'),(155,100,7,2,30,'A','2018-02-24 00:16:29','2017-11-09 23:15:57'),(156,7,2,5,30,'A','2018-01-17 02:13:23','2018-03-16 04:04:44'),(157,3,5,7,30,'A','2017-11-18 06:31:38','2018-01-09 00:23:05'),(158,31,5,5,30,'A','2018-04-17 12:19:39','2017-12-16 23:39:50'),(159,33,7,7,30,'A','2017-06-09 23:14:03','2017-09-06 21:53:40'),(160,25,7,2,30,'A','2017-10-24 00:23:49','2017-12-01 12:52:54'),(161,51,7,2,30,'A','2017-05-15 22:58:32','2017-07-09 13:34:18'),(162,30,6,5,30,'A','2018-01-27 17:09:39','2017-05-25 08:09:42'),(163,11,7,2,30,'A','2018-03-10 04:33:23','2018-04-29 18:39:56'),(164,97,6,2,30,'A','2017-07-25 18:47:33','2018-01-15 23:44:15'),(165,81,5,6,30,'A','2017-08-13 18:03:24','2018-04-20 06:52:00'),(166,20,5,6,30,'A','2018-03-06 18:45:44','2018-01-21 19:30:47'),(167,70,2,2,30,'A','2017-10-14 16:25:51','2018-02-28 19:45:19'),(168,15,5,2,30,'A','2017-10-29 14:12:19','2018-01-04 08:56:50'),(169,92,7,6,30,'A','2018-02-16 17:34:28','2017-05-25 04:50:32'),(170,24,5,2,30,'A','2017-09-02 21:46:45','2017-06-04 17:45:46'),(171,12,5,5,30,'A','2017-09-06 00:48:52','2018-03-20 10:39:28'),(172,80,2,6,30,'A','2018-01-26 12:44:36','2018-01-22 08:34:40'),(173,92,5,6,30,'A','2017-11-06 13:52:36','2017-05-12 14:12:40'),(174,101,2,2,30,'A','2017-05-18 08:42:57','2018-02-18 10:58:56'),(175,63,2,6,30,'A','2017-10-14 17:22:58','2017-08-09 23:09:13'),(176,83,7,5,30,'A','2018-02-14 18:24:06','2017-12-23 02:16:41'),(177,83,2,6,30,'A','2017-05-12 01:59:26','2017-11-13 12:01:16'),(178,48,6,2,30,'A','2018-02-12 02:04:35','2018-04-20 06:33:55'),(179,65,7,6,30,'A','2018-04-25 03:24:01','2018-03-26 14:25:18'),(180,100,7,5,30,'A','2017-07-20 06:13:05','2017-07-02 20:45:00'),(181,18,7,7,30,'A','2018-01-18 02:54:14','2017-06-19 01:31:02'),(182,60,6,5,30,'A','2017-09-12 16:33:49','2017-07-07 02:07:53'),(183,102,2,5,30,'A','2017-10-19 14:59:13','2018-04-21 05:24:28'),(184,16,7,6,30,'A','2017-07-27 11:07:22','2018-03-18 03:00:35'),(185,15,7,7,30,'A','2017-05-13 20:30:10','2017-11-05 06:11:10'),(186,85,7,2,30,'A','2017-09-10 11:34:26','2017-06-02 21:30:15'),(187,42,2,7,30,'A','2018-05-03 00:39:33','2018-01-20 10:35:48'),(188,38,5,7,30,'A','2017-09-02 02:47:40','2017-12-30 04:42:57'),(189,53,5,5,30,'A','2017-10-21 14:49:56','2018-01-05 14:42:24'),(190,8,2,5,30,'A','2017-08-02 06:59:45','2017-10-23 10:09:39'),(191,22,6,7,30,'A','2018-04-05 08:47:33','2017-11-28 13:01:56'),(192,52,5,2,30,'A','2018-03-10 14:27:47','2017-07-15 08:51:50'),(193,96,5,6,30,'A','2017-06-16 22:40:40','2018-02-28 14:21:09'),(194,66,6,6,30,'A','2017-08-10 16:00:28','2018-04-10 07:15:08'),(195,10,2,6,30,'A','2017-08-10 17:54:27','2017-10-02 14:19:09'),(196,64,5,7,30,'A','2018-02-18 14:19:01','2018-04-19 07:00:40'),(197,86,5,7,30,'A','2018-05-08 05:40:30','2017-11-02 03:02:12'),(198,38,2,7,30,'A','2017-09-02 15:08:59','2017-10-24 08:05:19'),(199,8,7,2,30,'A','2018-03-10 23:47:16','2018-02-15 11:52:33'),(200,3,6,6,30,'A','2017-06-03 11:01:10','2018-04-15 07:19:30'),(201,100,7,5,30,'A','2017-06-16 19:34:32','2017-09-14 00:33:50'),(202,39,2,6,30,'A','2017-12-14 22:59:45','2018-02-10 18:27:07'),(203,52,2,7,30,'A','2017-07-18 15:41:45','2018-01-26 02:07:35'),(204,71,2,7,30,'A','2017-08-14 00:12:08','2017-08-18 01:49:26'),(205,69,6,5,30,'A','2017-10-06 03:47:05','2018-03-10 19:04:55'),(206,69,6,2,30,'A','2018-04-18 09:24:36','2017-06-22 22:59:13'),(207,33,7,5,30,'A','2017-07-02 20:15:57','2017-08-05 12:11:05'),(208,44,2,2,30,'A','2017-07-29 05:05:30','2017-06-17 01:35:45'),(209,47,2,5,30,'A','2018-04-08 03:34:13','2018-01-27 16:08:50'),(210,88,6,5,30,'A','2017-08-28 18:49:49','2017-10-17 00:01:41'),(211,64,5,6,30,'A','2017-12-01 05:42:28','2017-08-11 12:18:28'),(212,102,6,7,30,'A','2017-11-15 05:09:56','2017-07-15 13:38:37'),(213,63,6,6,30,'A','2018-03-29 23:05:10','2017-08-07 22:56:35'),(214,79,6,6,30,'A','2018-01-28 08:36:51','2017-05-25 21:49:02'),(215,57,7,5,30,'A','2018-04-02 14:13:40','2017-12-20 14:50:55'),(216,47,7,5,30,'A','2017-09-08 14:49:12','2017-09-04 18:46:05'),(217,51,2,7,30,'A','2017-12-11 06:10:03','2017-09-19 12:09:09'),(218,98,5,6,30,'A','2017-12-07 10:30:42','2018-03-23 20:53:59'),(219,76,6,6,30,'A','2017-09-30 08:52:30','2017-10-12 05:06:03'),(220,7,5,7,30,'A','2017-10-30 05:55:52','2018-04-30 22:57:32'),(221,44,6,6,30,'A','2017-12-12 08:49:47','2017-07-16 03:12:30'),(222,72,5,5,30,'A','2018-04-05 07:22:17','2017-08-08 17:01:32'),(223,88,7,2,30,'A','2018-01-19 18:30:23','2018-03-02 13:01:07'),(224,91,2,5,30,'A','2017-12-05 09:32:41','2017-08-07 01:21:42'),(225,21,7,7,30,'A','2017-09-24 18:31:09','2018-03-01 10:14:59'),(226,53,6,6,30,'A','2017-12-26 07:24:50','2017-12-08 08:55:51'),(227,5,6,7,30,'A','2018-01-31 09:18:57','2017-09-28 02:36:07'),(228,42,7,5,30,'A','2018-04-13 11:29:33','2018-04-27 21:11:33'),(229,93,6,6,30,'A','2017-08-18 22:20:52','2017-08-28 14:16:29'),(230,101,5,5,30,'A','2017-07-20 00:21:05','2017-12-17 15:40:37'),(231,50,7,7,30,'A','2017-08-24 11:11:36','2017-08-09 22:05:38'),(232,21,6,2,30,'A','2018-04-26 03:05:20','2017-07-16 14:57:06'),(233,54,6,6,30,'A','2018-03-31 20:18:44','2018-01-19 21:00:09'),(234,17,2,6,30,'A','2018-01-29 05:33:52','2017-11-12 01:38:15'),(235,46,5,6,30,'A','2017-09-29 00:45:26','2017-08-01 11:23:35'),(236,41,5,6,30,'A','2017-12-27 23:31:14','2018-03-29 04:00:31'),(237,71,6,7,30,'A','2017-09-21 14:37:15','2017-07-24 22:44:06'),(238,50,7,7,30,'A','2017-06-02 16:55:51','2017-08-09 07:34:54'),(239,71,6,7,30,'A','2017-07-18 23:44:13','2018-03-23 17:16:57'),(240,39,5,6,30,'A','2017-10-07 18:19:40','2018-02-24 10:51:46'),(241,29,2,2,30,'A','2018-01-20 20:29:56','2017-07-11 13:26:44'),(242,29,2,5,30,'A','2018-04-08 19:50:57','2017-12-26 21:10:14'),(243,80,2,2,30,'A','2017-10-21 17:34:07','2017-09-26 14:52:04'),(244,6,7,5,30,'A','2017-12-03 17:16:08','2017-08-20 12:55:39'),(245,21,7,5,30,'A','2017-09-23 19:06:50','2017-09-16 03:48:46'),(246,81,5,6,30,'A','2017-06-03 13:43:56','2017-08-31 01:31:16'),(247,77,7,2,30,'A','2017-05-13 16:10:24','2017-06-03 08:49:44'),(248,78,2,2,30,'A','2018-04-29 23:25:02','2018-01-13 17:30:29'),(249,10,5,7,30,'A','2017-10-27 14:24:21','2018-04-03 19:31:28'),(250,82,2,5,30,'A','2017-09-27 13:50:34','2017-11-01 03:08:46'),(251,81,5,5,30,'A','2017-06-25 04:20:23','2018-04-18 08:04:31'),(252,64,7,7,30,'A','2018-01-18 06:39:57','2018-05-02 06:08:01'),(253,29,7,2,30,'A','2018-05-08 13:09:08','2017-08-04 11:04:56'),(254,98,2,5,30,'A','2018-01-11 09:50:35','2017-07-09 07:24:19'),(255,78,2,6,30,'A','2017-05-24 05:20:03','2018-01-05 14:39:22'),(256,7,5,5,30,'A','2017-11-28 21:50:26','2017-08-12 22:52:01'),(257,89,2,6,30,'A','2017-12-30 14:47:17','2018-02-07 12:08:03'),(258,72,2,5,30,'A','2017-11-22 14:36:42','2017-06-16 14:42:17'),(259,82,6,5,30,'A','2017-09-21 08:24:59','2018-03-11 05:29:47'),(260,99,6,5,30,'A','2017-07-28 03:08:33','2017-08-05 05:24:39'),(261,59,6,6,30,'A','2018-02-03 05:27:31','2017-06-25 14:18:18'),(262,96,7,2,30,'A','2018-02-10 07:31:35','2017-10-03 01:39:22'),(263,83,6,6,30,'A','2017-06-12 06:31:31','2018-03-15 03:41:12'),(264,60,6,5,30,'A','2017-10-16 06:36:48','2017-10-29 03:46:01'),(265,64,6,5,30,'A','2017-07-23 09:09:19','2017-08-22 18:36:38'),(266,90,7,7,30,'A','2017-08-06 14:01:30','2017-06-30 17:00:59'),(267,80,7,2,30,'A','2017-10-23 21:49:34','2017-11-23 02:20:47'),(268,47,7,7,30,'A','2018-03-09 20:01:01','2017-06-03 00:14:28'),(269,100,2,5,30,'A','2017-10-14 09:48:56','2017-09-18 08:58:48'),(270,51,2,5,30,'A','2017-06-23 03:22:26','2018-03-04 04:34:16'),(271,63,7,2,30,'A','2018-05-01 02:55:03','2018-01-13 01:57:08'),(272,47,7,5,30,'A','2017-10-27 03:34:44','2018-05-08 02:38:09'),(273,53,6,5,30,'A','2017-12-24 16:26:34','2017-07-11 21:07:36'),(274,12,5,6,30,'A','2018-05-09 18:13:56','2017-06-11 15:41:58'),(275,85,6,5,30,'A','2018-03-18 14:39:26','2018-04-16 23:40:34'),(276,88,6,2,30,'A','2018-01-23 06:03:44','2017-11-24 17:08:33'),(277,25,5,7,30,'A','2018-04-14 15:50:39','2018-02-24 10:51:45'),(278,26,2,2,30,'A','2017-12-24 22:40:11','2018-02-04 04:59:19'),(279,37,5,7,30,'A','2018-04-26 13:19:44','2018-04-06 19:13:26'),(280,100,6,6,30,'A','2017-08-05 11:55:26','2017-11-30 22:11:07'),(281,78,5,2,30,'A','2018-01-24 09:33:00','2018-01-17 08:28:37'),(282,99,6,5,30,'A','2017-11-01 06:37:09','2017-08-13 04:47:04'),(283,83,6,7,30,'A','2017-07-23 08:55:57','2018-03-17 07:52:24'),(284,91,5,6,30,'A','2018-04-04 17:11:25','2017-05-19 11:11:09'),(285,27,6,6,30,'A','2018-02-17 19:01:19','2018-02-16 04:35:47'),(286,91,7,6,30,'A','2017-08-30 07:04:04','2018-05-04 00:29:29'),(287,45,2,5,30,'A','2018-02-25 09:15:45','2018-01-01 18:43:30'),(288,49,2,6,30,'A','2017-06-27 18:16:20','2017-08-14 21:33:32'),(289,54,5,2,30,'A','2017-08-12 16:50:52','2017-11-12 13:38:21'),(290,21,2,6,30,'A','2018-03-19 00:40:15','2017-09-23 00:40:38'),(291,98,7,7,30,'A','2017-07-07 08:33:29','2017-07-30 22:05:15'),(292,102,6,7,30,'A','2017-06-02 10:12:06','2017-12-16 11:39:39'),(293,12,5,6,30,'A','2017-11-17 04:24:44','2018-05-06 19:33:04'),(294,65,2,6,30,'A','2018-05-06 10:32:04','2018-02-28 09:18:07'),(295,42,2,7,30,'A','2018-05-06 05:50:52','2017-07-11 07:07:22'),(296,95,2,5,30,'A','2018-01-05 20:13:26','2017-09-03 17:12:04'),(297,25,2,6,30,'A','2017-10-10 16:02:59','2018-04-30 01:47:34'),(298,71,6,5,30,'A','2017-11-09 18:16:29','2018-04-11 11:08:04'),(299,5,2,7,30,'A','2017-08-11 23:42:52','2018-03-18 22:04:07'),(300,28,2,6,30,'A','2018-03-08 05:12:15','2017-06-16 05:45:30'),(301,1,5,7,30,'A','2017-06-08 05:39:48','2018-03-04 01:30:15'),(302,69,7,7,30,'A','2017-11-02 20:33:14','2017-06-03 22:34:02'),(303,57,2,6,30,'A','2018-04-30 02:30:43','2017-10-01 11:25:50'),(304,25,5,2,30,'A','2018-04-17 16:11:52','2017-07-28 20:52:54'),(305,46,7,7,30,'A','2017-09-07 08:12:08','2018-01-29 08:28:36'),(306,81,7,7,30,'A','2017-12-03 15:49:40','2018-02-01 12:05:37'),(307,14,5,6,30,'A','2018-02-12 23:53:48','2018-01-19 06:08:23'),(308,63,7,2,30,'A','2018-04-20 21:42:10','2018-03-10 08:48:02'),(309,55,6,7,30,'A','2018-01-25 16:10:02','2017-08-31 19:52:13'),(310,29,7,6,30,'A','2017-05-16 15:50:49','2017-09-06 21:48:48'),(311,32,6,6,30,'A','2018-04-06 20:03:15','2017-08-11 14:38:25'),(312,13,5,6,30,'A','2017-06-05 11:31:27','2017-06-03 13:09:44'),(313,10,2,7,30,'A','2017-07-24 13:07:41','2018-04-01 01:40:01'),(314,66,5,7,30,'A','2017-09-02 17:57:35','2017-10-17 16:56:58'),(315,39,5,5,30,'A','2017-10-15 19:05:09','2017-12-22 11:04:49'),(316,75,2,6,30,'A','2018-02-10 10:55:06','2017-09-18 00:07:43'),(317,79,2,6,30,'A','2017-09-11 06:26:35','2018-04-22 23:37:59'),(318,74,7,5,30,'A','2017-10-27 14:15:49','2018-03-11 09:40:26'),(319,77,7,7,30,'A','2017-05-20 02:11:37','2017-10-01 20:20:40'),(320,86,5,2,30,'A','2018-02-22 09:36:36','2017-06-03 22:05:05'),(321,17,2,2,30,'A','2018-02-08 09:10:12','2018-02-18 01:38:29'),(322,100,5,2,30,'A','2017-10-05 02:51:38','2017-05-21 08:55:47'),(323,17,5,6,30,'A','2018-04-13 16:17:54','2018-03-31 12:09:03'),(324,40,2,6,30,'A','2017-10-09 22:09:01','2017-09-03 17:08:20'),(325,96,2,6,30,'A','2018-02-20 10:19:16','2018-03-26 12:23:04'),(326,83,7,2,30,'A','2017-11-24 13:20:32','2017-07-23 10:45:45'),(327,77,2,2,30,'A','2017-06-03 07:53:51','2017-10-14 02:45:36'),(328,11,5,6,30,'A','2017-09-29 22:22:43','2017-05-22 17:59:46'),(329,66,6,2,30,'A','2017-11-17 01:29:01','2017-08-16 21:07:42'),(330,7,2,7,30,'A','2018-01-15 08:52:34','2018-05-05 11:21:55'),(331,14,5,7,30,'A','2018-03-08 09:30:06','2018-04-08 23:42:43'),(332,97,7,6,30,'A','2017-06-28 00:10:04','2017-07-08 06:15:46'),(333,75,2,7,30,'A','2017-07-04 03:53:09','2018-03-12 20:19:21'),(334,22,2,6,30,'A','2017-05-28 19:00:50','2017-09-13 18:49:28'),(335,7,7,7,30,'A','2017-12-24 10:25:56','2017-11-29 13:01:58'),(336,41,7,5,30,'A','2018-03-26 13:36:02','2017-11-10 10:34:45'),(337,79,6,2,30,'A','2017-06-26 12:25:34','2017-07-16 10:23:06'),(338,10,5,7,30,'A','2017-09-04 00:38:46','2017-11-24 03:42:55'),(339,48,5,7,30,'A','2017-12-16 22:25:58','2017-12-11 02:08:50'),(340,87,7,6,30,'A','2018-04-17 14:35:50','2017-10-25 05:11:26'),(341,48,6,2,30,'A','2017-07-17 08:14:04','2017-06-03 03:00:51'),(342,18,5,6,30,'A','2018-01-14 01:37:56','2017-05-22 19:12:09'),(343,72,2,6,30,'A','2018-02-11 03:30:10','2017-09-13 00:25:27'),(344,92,6,2,30,'A','2018-04-10 20:12:30','2018-03-27 07:27:07'),(345,94,2,7,30,'A','2017-11-23 10:17:53','2017-11-06 18:02:11'),(346,40,6,2,30,'A','2017-08-02 16:21:08','2017-05-19 12:46:55'),(347,50,7,2,30,'A','2017-07-10 06:59:23','2017-09-05 12:10:07'),(348,102,7,7,30,'A','2017-07-26 16:42:47','2018-03-24 06:56:42'),(349,42,5,5,30,'A','2017-06-14 08:51:44','2017-08-31 10:05:00'),(350,80,2,7,30,'A','2018-04-17 06:59:50','2017-11-05 23:07:46'),(351,51,5,7,30,'A','2018-04-05 21:01:01','2017-10-15 08:19:53'),(352,41,6,6,30,'A','2017-10-20 14:20:13','2017-06-17 10:31:16'),(353,40,7,2,30,'A','2018-02-22 16:37:46','2017-10-11 11:24:47'),(354,60,5,6,30,'A','2017-06-01 23:36:12','2017-09-24 15:53:28'),(355,63,2,5,30,'A','2017-12-31 13:39:35','2017-12-20 07:06:57'),(356,74,2,5,30,'A','2017-11-12 13:49:17','2017-06-03 18:18:23'),(357,37,5,2,30,'A','2018-02-13 09:48:45','2018-02-24 03:45:36'),(358,40,6,2,30,'A','2017-11-01 08:36:33','2017-06-07 06:55:39'),(359,101,7,7,30,'A','2017-11-20 15:04:31','2017-05-26 22:13:19'),(360,97,6,2,30,'A','2018-01-15 02:52:01','2017-12-20 03:09:17'),(361,76,6,5,30,'A','2017-07-06 22:06:32','2017-11-29 14:32:49'),(362,77,6,6,30,'A','2018-01-22 19:34:56','2017-06-21 15:09:01'),(363,17,5,2,30,'A','2017-09-13 14:54:54','2018-01-04 01:35:09'),(364,58,5,5,30,'A','2017-12-03 23:30:14','2017-08-20 11:11:27'),(365,11,5,5,30,'A','2017-11-08 02:51:37','2018-03-19 18:17:04'),(366,28,5,6,30,'A','2018-04-03 13:17:58','2018-05-03 05:04:18'),(367,71,7,5,30,'A','2017-08-08 12:03:27','2017-08-10 07:01:50'),(368,84,5,6,30,'A','2017-06-10 10:27:14','2017-05-28 09:45:12'),(369,76,5,2,30,'A','2017-11-28 20:32:33','2018-01-26 10:16:43'),(370,65,2,5,30,'A','2018-01-16 16:47:38','2018-02-02 08:25:13'),(371,28,2,6,30,'A','2017-10-27 10:09:18','2017-08-31 19:11:52'),(372,15,7,6,30,'A','2017-09-19 16:53:43','2017-08-30 22:51:25'),(373,97,7,2,30,'A','2017-12-09 01:01:38','2017-08-28 15:06:18'),(374,36,5,7,30,'A','2017-07-01 17:03:52','2018-04-02 23:51:31'),(375,29,7,7,30,'A','2018-02-08 00:19:46','2017-09-11 03:54:44'),(376,29,6,5,30,'A','2018-04-12 17:46:56','2017-08-11 16:28:56'),(377,79,6,7,30,'A','2018-02-07 09:06:08','2017-05-30 13:38:51'),(378,66,5,2,30,'A','2018-04-12 02:43:17','2017-10-02 01:57:28'),(379,18,7,6,30,'A','2018-04-01 16:37:22','2018-04-03 11:44:11'),(380,66,6,2,30,'A','2017-05-31 05:50:28','2017-11-19 00:44:24'),(381,1,6,2,30,'A','2017-08-06 13:56:22','2017-10-02 04:33:29'),(382,76,7,7,30,'A','2018-03-14 14:51:44','2017-06-08 19:56:10'),(383,54,7,2,30,'A','2017-10-02 05:01:36','2018-03-27 19:02:26'),(384,30,2,2,30,'A','2017-08-12 14:49:33','2017-05-11 13:32:14'),(385,59,7,7,30,'A','2017-10-11 08:44:27','2018-03-31 03:53:45'),(386,11,6,7,30,'A','2017-06-13 18:10:56','2017-11-16 09:49:14'),(387,88,2,7,30,'A','2018-05-06 11:27:54','2018-04-04 11:11:31'),(388,49,5,7,30,'A','2017-12-20 15:46:00','2018-03-24 23:51:19'),(389,25,7,2,30,'A','2017-06-25 04:06:43','2018-01-02 18:20:20'),(390,73,6,5,30,'A','2017-07-24 08:16:57','2018-01-05 03:53:21'),(391,12,2,6,30,'A','2017-07-14 19:10:26','2017-12-23 01:58:01'),(392,94,5,5,30,'A','2018-02-22 10:28:36','2018-04-02 13:02:32'),(393,58,6,5,30,'A','2018-04-21 23:21:14','2018-04-06 19:12:15'),(394,91,6,2,30,'A','2017-12-14 21:29:27','2018-01-14 06:06:50'),(395,1,2,5,30,'A','2018-04-28 22:49:49','2017-06-13 21:10:34'),(396,63,2,6,30,'A','2018-02-14 12:07:03','2017-12-03 01:53:37'),(397,47,5,6,30,'A','2017-12-04 02:48:02','2018-03-21 18:28:05'),(398,47,6,5,30,'A','2017-11-29 14:45:40','2017-10-15 01:35:28'),(399,24,5,6,30,'A','2017-05-14 02:52:52','2018-04-18 20:38:05'),(400,4,6,7,30,'A','2018-03-27 17:08:31','2017-05-24 04:41:49'),(401,81,6,7,30,'A','2018-05-01 08:55:22','2017-08-14 10:37:45'),(402,61,5,5,30,'A','2017-09-12 16:27:21','2017-11-23 16:43:06'),(403,86,7,7,30,'A','2017-12-07 05:25:26','2017-10-21 11:40:45'),(404,46,2,5,30,'A','2017-09-16 02:04:58','2017-10-13 21:37:59'),(405,30,6,6,30,'A','2018-04-24 19:20:10','2017-07-04 13:09:50'),(406,99,5,2,30,'A','2017-11-27 11:15:00','2017-08-26 15:39:34'),(407,7,6,5,30,'A','2018-02-09 01:50:42','2018-05-02 18:56:03'),(408,18,2,5,30,'A','2017-05-18 22:23:06','2018-02-21 09:29:53'),(409,18,6,5,30,'A','2017-08-29 21:07:55','2018-04-25 14:50:00'),(410,70,2,5,30,'A','2017-06-09 21:14:09','2017-06-29 21:42:43'),(411,1,5,5,30,'A','2017-07-16 02:16:16','2018-03-29 03:51:16'),(412,41,7,5,30,'A','2017-06-14 09:02:49','2017-12-31 08:29:15'),(413,57,6,2,30,'A','2018-05-06 15:07:44','2017-05-17 04:13:05'),(414,93,6,5,30,'A','2017-06-09 06:37:29','2017-09-25 18:22:48'),(415,79,6,5,30,'A','2018-02-02 18:05:27','2017-11-11 05:58:48'),(416,18,6,6,30,'A','2018-01-18 20:10:16','2017-10-17 06:14:36'),(417,31,6,7,30,'A','2018-03-08 02:56:25','2017-10-10 03:18:33'),(418,102,2,2,30,'A','2018-05-06 16:27:18','2018-02-28 19:44:25'),(419,13,6,5,30,'A','2018-04-30 02:15:34','2018-01-23 11:08:59'),(420,21,5,2,30,'A','2017-07-16 16:56:06','2018-03-15 12:59:22'),(421,90,2,6,30,'A','2018-01-25 23:23:05','2018-04-04 16:27:55'),(422,33,7,5,30,'A','2017-10-06 09:41:01','2018-03-31 22:57:50'),(423,35,6,5,30,'A','2017-07-14 03:21:30','2018-04-10 22:59:22'),(424,18,7,6,30,'A','2017-08-29 16:26:00','2018-01-04 00:10:38'),(425,30,6,2,30,'A','2017-06-15 04:02:18','2017-11-27 20:38:40'),(426,89,6,2,30,'A','2018-04-02 11:03:24','2017-10-05 19:20:02'),(427,98,5,5,30,'A','2017-08-12 18:43:09','2017-12-28 23:03:35'),(428,87,6,5,30,'A','2018-01-17 06:52:48','2017-09-24 07:44:44'),(429,80,5,7,30,'A','2018-02-10 08:30:12','2017-12-02 00:07:04'),(430,60,2,6,30,'A','2017-11-09 20:41:17','2018-01-09 17:47:34'),(431,42,7,6,30,'A','2018-01-05 10:06:08','2018-02-03 23:02:30'),(432,43,7,5,30,'A','2018-02-07 02:55:41','2017-08-17 16:53:25'),(433,16,2,2,30,'A','2017-06-14 06:41:25','2017-05-15 15:36:10'),(434,59,6,6,30,'A','2017-10-09 05:29:56','2018-04-21 16:20:36'),(435,4,7,5,30,'A','2017-10-17 19:54:02','2017-07-07 02:49:31'),(436,98,6,7,30,'A','2017-07-04 00:27:28','2018-01-26 21:41:02'),(437,42,7,2,30,'A','2017-09-29 09:07:10','2017-05-14 03:01:39'),(438,45,6,2,30,'A','2017-10-04 08:23:38','2017-10-21 12:11:12'),(439,87,2,7,30,'A','2017-05-12 16:01:52','2018-02-10 07:05:46'),(440,42,2,7,30,'A','2017-08-22 18:50:28','2018-04-23 07:38:41'),(441,5,5,2,30,'A','2018-01-08 06:26:19','2017-09-19 06:35:28'),(442,97,6,6,30,'A','2017-10-24 00:39:34','2017-05-27 01:17:58'),(443,57,7,2,30,'A','2018-05-09 21:16:02','2017-08-16 17:07:02'),(444,25,5,7,30,'A','2017-12-15 08:42:11','2017-11-06 15:56:27'),(445,96,6,7,30,'A','2018-01-15 20:20:44','2017-09-16 16:17:35'),(446,39,5,2,30,'A','2018-02-01 12:56:21','2018-04-28 13:50:22'),(447,59,5,2,30,'A','2017-12-30 02:05:39','2017-08-14 21:59:19'),(448,48,7,6,30,'A','2017-08-25 22:36:13','2017-06-05 14:58:50'),(449,17,2,2,30,'A','2017-07-04 03:27:57','2017-12-29 22:20:12'),(450,67,5,2,30,'A','2017-09-07 16:16:21','2018-01-14 06:38:48'),(451,65,5,6,30,'A','2017-12-17 05:30:40','2017-09-07 09:56:26'),(452,59,5,5,30,'A','2018-04-23 14:15:47','2017-09-18 12:29:53'),(453,69,6,7,30,'A','2017-11-13 15:37:02','2017-11-30 12:28:36'),(454,11,5,5,30,'A','2018-03-29 00:50:06','2017-12-25 05:25:33'),(455,51,2,5,30,'A','2018-02-08 02:32:42','2017-05-23 15:37:36'),(456,71,2,5,30,'A','2017-12-12 03:03:30','2017-09-03 08:44:54'),(457,84,7,5,30,'A','2017-09-03 03:20:25','2018-03-05 05:01:18'),(458,13,6,6,30,'A','2018-02-13 22:16:27','2017-09-22 03:20:52'),(459,64,5,7,30,'A','2017-10-05 17:16:13','2017-09-08 03:49:58'),(460,44,5,7,30,'A','2018-02-08 12:25:23','2017-12-14 16:04:14'),(461,92,2,5,30,'A','2017-10-02 16:01:37','2018-02-13 13:52:17'),(462,60,5,5,30,'A','2018-02-14 08:42:41','2018-03-04 06:52:36'),(463,2,6,6,30,'A','2018-02-16 09:40:00','2017-10-28 13:58:03'),(464,90,2,2,30,'A','2018-04-15 00:12:05','2017-08-28 12:17:06'),(465,9,2,5,30,'A','2017-09-23 00:31:12','2017-07-01 02:48:36'),(466,75,2,2,30,'A','2018-02-23 17:12:55','2018-02-24 16:22:50'),(467,51,2,2,30,'A','2017-07-04 20:19:12','2017-12-08 16:47:46'),(468,28,6,5,30,'A','2017-07-20 07:07:22','2017-11-12 14:47:25'),(469,9,2,2,30,'A','2018-02-09 10:52:08','2018-02-12 22:19:44'),(470,44,7,2,30,'A','2017-11-03 00:21:09','2018-02-26 14:22:46'),(471,20,7,7,30,'A','2017-07-23 17:51:40','2017-11-08 10:58:36'),(472,8,2,5,30,'A','2017-11-23 04:40:35','2018-03-06 05:13:05'),(473,23,6,2,30,'A','2018-01-07 03:15:46','2017-09-20 01:16:30'),(474,95,6,6,30,'A','2018-04-04 02:59:32','2018-01-14 15:58:21'),(475,64,5,5,30,'A','2017-10-12 00:34:48','2017-07-02 13:59:13'),(476,42,7,6,30,'A','2017-11-29 09:25:49','2017-05-16 14:59:30'),(477,2,7,2,30,'A','2017-10-09 08:22:26','2017-12-31 18:11:40'),(478,76,2,5,30,'A','2017-08-29 08:15:48','2017-08-21 00:50:14'),(479,90,2,7,30,'A','2017-10-13 17:04:16','2017-12-09 15:50:47'),(480,82,7,2,30,'A','2018-01-03 09:26:53','2018-01-01 22:30:20'),(481,41,6,7,30,'A','2017-07-08 12:13:50','2018-01-22 11:09:11'),(482,32,5,2,30,'A','2017-10-20 11:34:57','2018-04-29 22:56:11'),(483,92,6,5,30,'A','2017-12-05 06:03:39','2018-04-19 13:05:32'),(484,99,7,2,30,'A','2017-06-20 08:24:49','2018-02-01 15:22:08'),(485,29,7,2,30,'A','2017-05-31 15:26:19','2017-05-11 11:28:09'),(486,9,6,5,30,'A','2018-04-27 18:58:06','2017-08-28 10:15:01'),(487,94,7,2,30,'A','2018-05-09 01:33:49','2017-05-30 23:57:19'),(488,31,5,5,30,'A','2018-02-25 08:17:33','2017-08-28 05:28:17'),(489,62,2,2,30,'A','2017-07-19 18:26:22','2018-01-31 05:46:15'),(490,16,7,6,30,'A','2017-10-31 06:03:03','2017-05-23 07:12:32'),(491,12,2,7,30,'A','2017-09-16 05:30:06','2017-11-03 16:57:20'),(492,11,5,2,30,'A','2017-10-13 17:07:50','2017-06-27 15:29:20'),(493,50,7,2,30,'A','2017-12-04 11:33:19','2018-03-18 05:46:01'),(494,82,7,5,30,'A','2018-02-14 23:37:04','2018-02-01 10:13:25'),(495,47,7,5,30,'A','2017-11-16 02:55:25','2017-06-01 04:39:11'),(496,19,5,2,30,'A','2018-04-11 12:08:25','2017-07-25 03:33:41'),(497,64,6,2,30,'A','2018-04-06 23:59:06','2017-05-13 13:35:12'),(498,3,6,7,30,'A','2017-09-05 13:10:06','2018-04-20 11:13:18'),(499,73,5,2,30,'A','2018-04-10 00:01:57','2017-09-02 22:17:23'),(500,50,2,2,30,'A','2018-02-02 03:39:53','2017-07-15 17:06:10'),(501,84,5,5,30,'A','2018-01-12 12:36:50','2018-01-01 20:51:48'),(502,57,7,5,30,'A','2018-01-11 08:12:34','2018-05-05 14:46:08'),(503,70,5,6,30,'A','2017-12-22 13:09:18','2018-04-14 08:42:51'),(504,26,6,6,30,'A','2018-04-11 08:35:26','2017-07-18 21:51:21'),(505,11,6,6,30,'A','2018-02-16 10:16:42','2017-05-18 19:07:25'),(506,33,2,2,30,'A','2018-04-18 09:47:05','2017-07-05 23:11:24'),(507,97,5,2,30,'A','2017-07-08 08:57:17','2018-01-27 07:41:54'),(508,82,5,7,30,'A','2018-02-19 06:35:57','2017-10-19 07:37:42'),(509,63,6,5,30,'A','2017-08-15 19:21:38','2017-06-12 03:46:42'),(510,44,7,5,30,'A','2018-01-14 00:37:51','2018-02-05 14:55:09'),(511,7,7,7,30,'A','2017-11-11 02:29:25','2017-12-24 08:42:20'),(512,14,7,2,30,'A','2018-04-21 23:04:39','2018-01-08 12:47:30'),(513,23,5,7,30,'A','2018-02-06 11:08:02','2017-11-24 22:11:07'),(514,101,5,5,30,'A','2017-06-08 09:32:44','2017-08-01 06:43:31'),(515,48,2,2,30,'A','2018-03-20 04:11:13','2018-03-18 05:04:15'),(516,99,7,2,30,'A','2017-11-29 22:51:42','2018-01-24 07:59:46'),(517,45,2,6,30,'A','2017-08-02 23:10:56','2017-08-14 15:03:23'),(518,72,6,5,30,'A','2018-01-05 13:27:57','2017-09-21 00:38:39'),(519,67,7,2,30,'A','2018-02-02 12:31:55','2018-03-20 00:48:21'),(520,89,6,7,30,'A','2018-02-17 03:32:18','2018-02-03 22:23:03'),(521,69,5,6,30,'A','2018-05-08 10:58:19','2018-03-23 15:41:22'),(522,100,6,7,30,'A','2017-11-20 19:01:37','2017-06-15 08:16:48'),(523,57,6,2,30,'A','2017-12-05 08:19:20','2018-03-15 20:07:42'),(524,89,5,5,30,'A','2017-09-25 05:13:42','2018-02-23 00:53:11'),(525,37,6,7,30,'A','2017-07-15 06:19:07','2017-08-28 16:31:41'),(526,21,5,5,30,'A','2017-08-04 21:34:16','2017-09-24 10:18:45'),(527,36,2,5,30,'A','2017-07-28 16:28:33','2017-12-12 04:11:07'),(528,7,2,5,30,'A','2018-03-04 19:05:05','2017-10-18 19:12:55'),(529,46,5,6,30,'A','2017-07-04 20:54:48','2017-12-07 03:45:23'),(530,44,2,7,30,'A','2018-03-05 09:02:11','2018-02-27 04:45:51'),(531,18,2,2,30,'A','2017-10-27 14:08:33','2017-11-03 19:06:46'),(532,76,5,6,30,'A','2017-07-04 01:17:57','2018-01-29 03:32:13'),(533,11,6,5,30,'A','2017-12-20 21:37:19','2017-10-13 12:16:29'),(534,4,7,2,30,'A','2017-12-11 18:11:28','2017-06-23 00:35:15'),(535,64,5,7,30,'A','2017-11-28 07:19:45','2018-02-04 10:37:44'),(536,53,6,2,30,'A','2017-05-15 10:13:08','2018-05-05 06:42:42'),(537,54,6,7,30,'A','2017-10-08 13:36:14','2018-03-16 05:26:58'),(538,11,2,2,30,'A','2017-08-11 21:57:38','2017-09-11 11:24:00'),(539,15,2,6,30,'A','2017-10-06 17:27:23','2017-10-24 13:44:20'),(540,23,6,6,30,'A','2017-08-06 05:24:48','2017-12-05 11:56:11'),(541,29,6,2,30,'A','2017-10-23 01:13:18','2018-04-18 23:40:50'),(542,94,5,6,30,'A','2017-08-31 12:33:01','2018-03-28 08:44:22'),(543,55,5,6,30,'A','2017-05-12 04:41:18','2017-08-01 05:52:30'),(544,84,6,7,30,'A','2017-05-29 15:22:34','2017-09-18 20:43:51'),(545,39,2,6,30,'A','2017-07-28 23:11:24','2018-04-04 21:50:04'),(546,25,7,5,30,'A','2017-06-13 19:43:47','2017-11-25 19:54:09'),(547,50,7,5,30,'A','2017-11-28 14:02:47','2018-03-31 22:09:45'),(548,102,7,5,30,'A','2018-03-01 09:30:06','2017-09-02 09:17:41'),(549,23,6,7,30,'A','2018-01-17 03:44:33','2018-02-27 17:48:24'),(550,97,5,2,30,'A','2018-04-28 08:10:19','2018-01-13 10:01:50'),(551,83,6,6,30,'A','2017-08-21 08:58:35','2017-06-02 15:14:10'),(552,26,5,6,30,'A','2017-12-05 00:17:02','2017-11-29 09:46:47'),(553,62,7,7,30,'A','2017-05-20 10:48:05','2018-04-25 20:07:54'),(554,33,7,5,30,'A','2018-03-26 09:08:59','2018-01-29 20:15:31'),(555,12,7,2,30,'A','2017-12-23 16:50:38','2017-09-05 05:49:35'),(556,102,5,5,30,'A','2017-12-29 04:24:28','2017-09-04 17:37:07'),(557,22,6,5,30,'A','2017-07-04 04:13:20','2017-08-03 22:43:52'),(558,85,7,6,30,'A','2018-04-20 15:29:19','2018-04-03 23:40:53'),(559,46,2,2,30,'A','2017-05-14 06:53:53','2017-09-30 13:41:37'),(560,90,7,6,30,'A','2018-03-11 20:05:08','2018-04-28 19:50:23'),(561,14,6,5,30,'A','2017-10-01 01:16:29','2017-12-24 00:53:09'),(562,21,5,5,30,'A','2017-06-24 01:50:52','2017-12-08 07:33:54'),(563,80,6,5,30,'A','2018-03-24 16:16:28','2018-04-20 16:36:14'),(564,45,6,6,30,'A','2017-12-13 00:13:05','2018-03-21 14:03:52'),(565,23,2,7,30,'A','2017-12-24 20:11:28','2018-01-04 21:35:26'),(566,43,5,6,30,'A','2017-08-25 12:15:21','2017-08-02 20:19:27'),(567,19,7,2,30,'A','2017-09-28 16:30:35','2017-11-16 01:33:17'),(568,72,5,2,30,'A','2017-12-15 14:18:25','2017-12-07 06:31:29'),(569,43,5,5,30,'A','2017-06-06 12:33:07','2017-10-05 22:03:59'),(570,23,5,2,30,'A','2018-01-23 22:33:25','2017-11-03 21:54:14'),(571,14,5,6,30,'A','2017-05-15 10:05:17','2017-09-25 01:07:12'),(572,38,2,6,30,'A','2017-05-17 05:31:08','2018-04-24 00:35:06'),(573,93,2,6,30,'A','2017-09-29 18:56:11','2017-10-03 02:17:48'),(574,35,6,6,30,'A','2018-03-09 04:21:15','2017-07-25 20:35:51'),(575,39,7,2,30,'A','2017-10-28 06:15:17','2017-07-10 15:25:22'),(576,6,5,2,30,'A','2017-11-04 06:06:30','2018-02-15 09:23:00'),(577,9,7,5,30,'A','2017-06-21 06:31:22','2018-02-07 09:09:59'),(578,88,6,5,30,'A','2018-04-19 01:20:41','2017-07-29 10:07:59'),(579,90,6,7,30,'A','2017-10-12 09:56:54','2018-04-01 08:26:33'),(580,77,6,6,30,'A','2017-05-23 15:03:31','2017-09-19 21:07:26'),(581,73,7,5,30,'A','2017-11-11 12:45:35','2017-12-10 05:21:11'),(582,29,7,7,30,'A','2017-08-13 04:45:24','2017-11-24 10:53:07'),(583,74,5,2,30,'A','2017-12-04 01:15:59','2018-04-14 00:36:44'),(584,30,2,2,30,'A','2017-11-17 03:30:06','2018-04-23 23:04:19'),(585,8,7,5,30,'A','2017-11-08 13:26:26','2017-11-15 08:06:47'),(586,78,7,6,30,'A','2017-05-25 06:30:21','2017-12-30 19:44:48'),(587,18,6,2,30,'A','2018-02-12 18:11:55','2017-05-21 13:32:38'),(588,90,5,7,30,'A','2018-01-25 06:03:54','2018-03-10 07:25:27'),(589,96,7,5,30,'A','2017-08-30 17:29:45','2017-12-10 18:24:54'),(590,29,7,2,30,'A','2017-06-14 21:03:02','2017-07-18 03:34:38'),(591,94,5,7,30,'A','2017-09-24 15:27:35','2017-07-02 21:01:08'),(592,76,6,5,30,'A','2018-01-13 16:39:58','2017-05-26 14:14:47'),(593,80,2,7,30,'A','2017-08-10 15:59:40','2017-11-23 12:23:57'),(594,30,7,5,30,'A','2017-11-24 20:05:21','2017-05-18 15:19:33'),(595,55,2,6,30,'A','2017-06-21 16:19:03','2017-11-28 08:50:41'),(596,96,5,2,30,'A','2017-07-08 01:18:41','2017-12-12 19:41:11'),(597,11,2,7,30,'A','2017-07-31 20:07:03','2018-02-20 21:21:29'),(598,62,2,6,30,'A','2017-10-18 17:11:27','2018-03-07 05:24:06'),(599,5,6,5,30,'A','2017-07-02 11:29:48','2017-10-09 21:55:37'),(600,4,5,2,30,'A','2017-08-30 08:58:37','2017-07-24 14:38:56'),(601,40,6,2,30,'A','2018-02-27 12:54:08','2017-09-20 16:40:13'),(602,73,2,7,30,'A','2017-12-03 14:51:38','2017-10-14 21:23:09'),(603,21,7,5,30,'A','2018-04-14 01:28:17','2017-05-15 16:56:16'),(604,96,5,2,30,'A','2018-02-11 01:48:53','2017-11-13 21:08:08'),(605,42,2,6,30,'A','2017-10-16 23:40:11','2017-05-15 02:35:11'),(606,39,2,7,30,'A','2018-03-20 04:57:27','2018-04-22 04:30:20'),(607,87,7,5,30,'A','2017-06-27 21:22:15','2017-05-26 04:09:19'),(608,43,6,2,30,'A','2018-04-01 11:20:12','2017-09-13 18:17:46'),(609,51,5,7,30,'A','2017-11-23 05:24:41','2017-06-30 17:11:37'),(610,94,7,6,30,'A','2017-08-09 07:36:58','2017-06-22 17:13:31'),(611,60,7,5,30,'A','2018-05-02 23:20:43','2017-08-05 21:32:38'),(612,32,2,2,30,'A','2017-06-10 11:18:40','2017-10-13 12:03:56'),(613,75,6,2,30,'A','2017-07-11 16:01:51','2017-12-31 04:38:59'),(614,30,2,5,30,'A','2017-06-29 01:57:03','2018-03-20 08:00:21'),(615,11,5,5,30,'A','2017-07-03 11:13:56','2018-03-27 17:19:39'),(616,101,2,7,30,'A','2017-06-27 09:03:43','2017-12-12 16:03:51'),(617,9,5,7,30,'A','2017-06-18 22:43:28','2017-08-25 08:28:19'),(618,56,5,5,30,'A','2017-05-20 03:55:59','2017-12-15 08:02:19'),(619,24,7,6,30,'A','2018-04-06 21:54:35','2017-06-14 08:05:10'),(620,37,5,5,30,'A','2017-07-07 22:58:34','2017-06-04 21:40:23'),(621,22,6,2,30,'A','2017-12-01 14:32:34','2018-04-05 13:47:58'),(622,27,2,5,30,'A','2017-08-26 08:52:42','2017-12-05 07:37:32'),(623,33,6,2,30,'A','2017-05-24 16:21:18','2017-08-30 04:50:16'),(624,94,5,7,30,'A','2017-10-05 17:54:12','2017-12-29 11:48:04'),(625,102,2,6,30,'A','2017-06-29 00:41:20','2017-06-23 21:26:06'),(626,33,6,5,30,'A','2018-04-01 17:37:58','2018-02-04 22:09:48'),(627,49,7,2,30,'A','2018-02-13 23:24:19','2017-06-14 22:58:04'),(628,9,6,7,30,'A','2018-02-17 21:33:03','2018-04-24 14:14:51'),(629,53,7,6,30,'A','2018-05-03 22:43:41','2017-09-17 11:59:38'),(630,34,2,2,30,'A','2017-12-23 18:19:47','2017-10-15 19:59:31'),(631,80,5,2,30,'A','2017-06-01 14:57:18','2017-10-19 17:22:48'),(632,23,6,5,30,'A','2017-07-04 20:16:26','2018-03-08 00:03:25'),(633,13,5,5,30,'A','2018-03-09 05:25:56','2018-05-02 01:38:43'),(634,43,7,6,30,'A','2017-09-09 21:45:43','2017-05-25 16:18:28'),(635,25,7,2,30,'A','2017-12-03 00:11:02','2017-12-18 11:14:47'),(636,67,5,6,30,'A','2017-06-19 21:09:36','2018-01-29 14:14:04'),(637,34,7,7,30,'A','2017-11-03 13:18:36','2017-12-09 06:41:10'),(638,8,6,2,30,'A','2018-04-15 18:18:01','2018-05-07 05:23:21'),(639,63,6,2,30,'A','2017-07-25 17:57:03','2017-09-10 23:23:56'),(640,49,2,5,30,'A','2018-01-20 11:52:11','2018-03-29 01:36:27'),(641,46,7,7,30,'A','2017-12-07 00:44:43','2017-10-12 22:59:23'),(642,19,6,6,30,'A','2017-11-09 01:12:19','2018-02-02 12:52:13'),(643,59,5,2,30,'A','2017-12-21 14:39:30','2018-01-19 19:16:36'),(644,2,5,6,30,'A','2017-09-13 01:57:24','2018-03-06 16:10:26'),(645,10,7,6,30,'A','2017-10-18 00:20:49','2018-01-14 19:11:52'),(646,19,6,2,30,'A','2018-03-16 10:07:00','2018-01-07 05:56:58'),(647,88,2,6,30,'A','2018-03-05 17:49:28','2017-08-02 02:40:37'),(648,79,7,2,30,'A','2017-12-12 09:38:55','2017-06-07 05:58:19'),(649,81,7,2,30,'A','2018-03-27 00:29:14','2018-02-21 22:08:44'),(650,33,2,5,30,'A','2017-07-10 21:22:50','2018-03-19 20:57:01'),(651,51,7,7,30,'A','2017-11-04 04:33:20','2017-05-13 09:14:07'),(652,80,6,2,30,'A','2018-03-10 18:55:26','2017-05-29 03:00:26'),(653,93,2,5,30,'A','2018-02-12 16:37:19','2018-02-28 04:00:42'),(654,2,7,6,30,'A','2018-03-13 05:49:22','2017-09-06 11:06:26'),(655,19,6,2,30,'A','2018-01-29 04:35:47','2017-12-10 13:59:49'),(656,1,2,7,30,'A','2017-10-08 21:56:53','2017-11-14 19:09:23'),(657,7,7,7,30,'A','2017-09-21 16:22:54','2018-01-21 21:22:56'),(658,66,7,6,30,'A','2018-04-02 01:24:58','2018-03-08 14:01:41'),(659,37,6,7,30,'A','2018-01-07 23:40:27','2017-12-25 17:34:11'),(660,25,5,2,30,'A','2017-09-14 04:06:36','2017-11-13 02:16:08'),(661,10,7,6,30,'A','2017-08-18 03:39:00','2018-03-16 19:42:34'),(662,47,6,2,30,'A','2017-07-26 07:51:34','2017-08-27 12:58:57'),(663,12,7,6,30,'A','2017-06-16 07:42:26','2018-01-03 17:00:10'),(664,27,6,7,30,'A','2017-11-10 07:35:28','2017-06-15 09:52:32'),(665,41,6,6,30,'A','2018-05-05 16:44:01','2018-01-19 00:05:30'),(666,84,5,7,30,'A','2018-01-31 14:56:41','2017-10-03 10:55:19'),(667,33,7,6,30,'A','2017-07-01 04:01:48','2017-06-20 17:49:01'),(668,22,7,2,30,'A','2017-09-21 10:39:31','2017-07-13 17:58:23'),(669,45,2,2,30,'A','2017-11-09 15:58:35','2017-11-25 22:13:15'),(670,25,6,6,30,'A','2017-11-25 16:28:33','2017-05-22 13:20:32'),(671,76,2,2,30,'A','2017-06-21 01:12:16','2017-10-11 16:50:25'),(672,89,2,6,30,'A','2017-05-28 18:30:55','2018-01-12 12:49:31'),(673,99,6,6,30,'A','2018-03-16 16:35:11','2017-08-14 14:12:24'),(674,54,6,2,30,'A','2018-03-04 15:31:15','2018-05-01 21:40:05'),(675,71,2,6,30,'A','2017-12-26 07:02:42','2017-06-16 17:46:37'),(676,66,6,2,30,'A','2017-07-01 10:36:29','2017-12-09 10:34:37'),(677,5,5,7,30,'A','2017-05-30 13:52:36','2017-07-24 14:19:33'),(678,66,7,7,30,'A','2018-04-24 14:44:14','2018-03-13 10:14:35'),(679,66,6,2,30,'A','2018-04-14 17:50:41','2018-03-11 07:53:27'),(680,60,5,6,30,'A','2017-07-10 20:02:07','2017-06-11 16:36:26'),(681,15,6,6,30,'A','2018-02-12 21:57:21','2017-09-19 00:44:41'),(682,53,5,5,30,'A','2017-07-18 19:31:58','2018-03-13 07:05:06'),(683,3,6,2,30,'A','2017-05-16 16:14:23','2017-11-14 01:35:09'),(684,29,2,6,30,'A','2017-07-18 16:34:07','2018-03-28 17:01:23'),(685,12,7,6,30,'A','2017-11-29 20:01:24','2018-01-12 05:32:56'),(686,1,2,6,30,'A','2017-06-14 14:02:20','2018-04-19 22:06:02'),(687,52,2,5,30,'A','2018-03-15 07:17:54','2017-12-25 20:17:34'),(688,61,7,5,30,'A','2017-09-16 04:22:57','2018-01-10 00:17:02'),(689,92,7,5,30,'A','2017-05-24 22:53:51','2018-03-30 11:00:55'),(690,37,5,7,30,'A','2018-02-22 13:06:27','2017-12-16 16:50:42'),(691,46,7,2,30,'A','2018-01-02 08:35:27','2018-02-18 03:30:50'),(692,51,5,5,30,'A','2017-11-02 06:08:59','2017-06-19 19:09:21'),(693,29,2,2,30,'A','2017-07-19 09:50:39','2017-07-24 22:59:24'),(694,72,7,2,30,'A','2017-07-29 19:16:28','2018-01-22 01:29:53'),(695,26,5,2,30,'A','2017-05-27 08:07:41','2017-07-13 07:30:34'),(696,63,5,2,30,'A','2017-09-03 08:25:57','2017-07-24 14:08:33'),(697,91,6,5,30,'A','2017-08-12 15:29:15','2017-06-07 16:40:43'),(698,57,7,5,30,'A','2017-08-30 01:14:47','2017-07-12 23:38:19'),(699,19,6,2,30,'A','2017-08-19 06:44:36','2017-12-03 23:42:23'),(700,64,7,6,30,'A','2017-09-30 18:56:45','2018-01-13 20:41:18'),(701,8,6,6,30,'A','2017-11-01 04:09:20','2018-04-14 13:36:12'),(702,97,2,7,30,'A','2018-02-13 13:01:16','2017-11-04 08:17:47'),(703,73,6,6,30,'A','2017-05-29 11:06:06','2017-09-28 14:52:40'),(704,36,6,7,30,'A','2017-09-01 12:25:55','2017-10-01 03:49:53'),(705,6,2,6,30,'A','2017-11-14 14:13:21','2017-12-05 04:26:05'),(706,74,5,6,30,'A','2018-02-06 22:08:39','2017-09-10 03:27:36'),(707,60,7,6,30,'A','2018-01-26 05:07:41','2017-08-03 05:52:58'),(708,61,2,6,30,'A','2018-04-12 11:27:22','2018-04-19 14:40:07'),(709,14,6,6,30,'A','2017-11-23 10:56:53','2018-04-09 13:23:04'),(710,46,2,7,30,'A','2017-12-14 05:40:35','2018-05-08 19:24:59'),(711,2,7,7,30,'A','2018-02-25 02:32:38','2018-04-29 20:36:15'),(712,13,7,2,30,'A','2018-03-27 22:26:47','2017-08-23 05:57:54'),(713,90,6,2,30,'A','2018-04-22 16:29:17','2018-03-13 15:36:36'),(714,18,6,6,30,'A','2017-08-05 19:24:29','2018-03-05 05:29:36'),(715,2,2,7,30,'A','2017-06-16 14:02:31','2017-05-25 21:35:32'),(716,92,6,2,30,'A','2017-10-04 01:07:14','2017-11-07 07:14:58'),(717,68,5,5,30,'A','2017-12-17 07:13:16','2017-12-11 18:51:53'),(718,9,5,7,30,'A','2017-07-07 14:27:48','2018-02-19 12:31:39'),(719,14,2,7,30,'A','2018-02-07 14:03:57','2017-06-11 18:57:58'),(720,69,7,7,30,'A','2018-04-25 05:20:58','2018-05-07 23:08:18'),(721,7,7,5,30,'A','2017-08-14 05:31:28','2017-06-16 06:43:01'),(722,55,5,7,30,'A','2017-08-14 03:12:53','2018-05-03 04:26:44'),(723,53,2,2,30,'A','2018-01-05 07:22:58','2017-12-24 20:44:16'),(724,75,2,6,30,'A','2017-12-26 15:02:24','2017-11-16 07:57:30'),(725,36,7,5,30,'A','2018-01-22 18:13:53','2017-11-15 11:11:32'),(726,79,2,6,30,'A','2017-11-01 05:57:19','2018-02-16 05:48:02'),(727,42,5,6,30,'A','2017-07-03 22:52:02','2018-04-15 00:45:59'),(728,50,7,7,30,'A','2017-07-12 13:56:13','2017-09-01 20:16:02'),(729,96,6,7,30,'A','2018-02-14 16:50:46','2017-10-23 14:12:30'),(730,70,5,5,30,'A','2017-12-30 02:43:21','2017-10-03 03:28:07'),(731,55,6,2,30,'A','2018-01-30 07:34:49','2018-01-22 22:45:19'),(732,66,6,6,30,'A','2017-10-21 11:58:57','2018-04-06 04:17:22'),(733,59,7,5,30,'A','2018-02-12 11:59:19','2018-01-13 11:06:17'),(734,55,7,2,30,'A','2017-09-04 13:07:29','2017-05-22 14:42:27'),(735,67,5,2,30,'A','2017-06-03 15:45:16','2017-09-05 11:59:37'),(736,93,6,7,30,'A','2017-05-29 09:54:23','2018-02-05 23:34:38'),(737,102,5,7,30,'A','2018-02-23 00:36:12','2017-05-21 21:17:50'),(738,22,7,2,30,'A','2018-02-09 22:14:13','2018-02-10 13:29:12'),(739,49,7,6,30,'A','2018-04-16 18:32:48','2017-06-30 02:53:53'),(740,31,7,5,30,'A','2017-12-28 18:39:46','2017-12-12 20:21:16'),(741,13,2,6,30,'A','2017-05-16 00:36:12','2017-06-26 10:53:44'),(742,85,6,7,30,'A','2018-01-19 00:46:08','2017-08-31 05:28:05'),(743,39,2,6,30,'A','2017-07-18 02:37:01','2017-10-11 12:36:35'),(744,39,2,2,30,'A','2018-04-06 10:57:29','2017-06-18 01:45:23'),(745,65,5,5,30,'A','2017-10-30 07:57:27','2018-03-07 09:36:39'),(746,18,5,7,30,'A','2018-01-23 07:25:20','2017-12-23 07:36:18'),(747,97,2,2,30,'A','2018-03-03 16:03:13','2017-11-28 17:07:41'),(748,58,5,2,30,'A','2018-04-27 18:37:13','2017-11-20 10:31:05'),(749,37,2,5,30,'A','2017-10-22 10:46:44','2017-09-18 05:23:08'),(750,2,5,7,30,'A','2017-08-04 01:24:19','2018-04-23 13:10:01'),(751,20,7,5,30,'A','2017-12-18 13:26:56','2017-05-14 19:47:59'),(752,1,2,2,30,'A','2017-09-02 13:08:39','2017-06-11 10:15:49'),(753,81,5,2,30,'A','2017-10-14 10:19:40','2018-01-30 09:47:58'),(754,27,7,7,30,'A','2018-04-10 16:39:42','2018-02-22 17:57:58'),(755,4,6,6,30,'A','2018-03-27 05:16:49','2017-06-17 19:02:47'),(756,53,6,2,30,'A','2017-10-25 21:42:41','2017-06-27 04:54:03'),(757,79,6,7,30,'A','2017-06-25 14:24:55','2017-10-20 12:13:22'),(758,41,5,7,30,'A','2017-10-13 10:10:48','2017-11-10 09:38:51'),(759,15,7,7,30,'A','2018-04-17 02:34:19','2017-12-24 01:03:07'),(760,30,6,5,30,'A','2018-01-22 18:28:28','2017-11-25 03:08:57'),(761,21,2,7,30,'A','2017-08-17 19:45:23','2018-03-11 00:06:41'),(762,90,7,6,30,'A','2017-09-15 22:14:28','2017-07-16 08:06:06'),(763,22,2,6,30,'A','2017-11-23 07:43:25','2017-07-19 03:37:20'),(764,21,7,2,30,'A','2018-01-27 04:04:29','2017-12-19 01:05:34'),(765,92,6,6,30,'A','2017-09-25 04:32:38','2018-01-02 08:23:33'),(766,15,2,6,30,'A','2017-08-20 01:16:12','2017-09-12 23:02:56'),(767,91,5,2,30,'A','2017-08-21 02:44:43','2017-10-06 01:15:41'),(768,52,2,2,30,'A','2017-09-27 19:44:50','2018-01-29 16:12:30'),(769,91,5,6,30,'A','2017-12-02 11:40:41','2017-10-02 04:37:23'),(770,12,7,5,30,'A','2018-04-11 22:59:30','2018-02-16 10:58:19'),(771,47,6,2,30,'A','2017-11-09 01:53:50','2018-04-14 11:18:00'),(772,47,2,5,30,'A','2017-12-07 12:48:35','2018-02-07 03:33:01'),(773,14,7,5,30,'A','2017-12-23 23:06:47','2017-07-27 23:06:26'),(774,9,7,7,30,'A','2017-09-19 06:48:01','2018-03-13 20:47:18'),(775,92,5,5,30,'A','2017-07-26 16:37:43','2017-06-16 23:14:18'),(776,90,6,2,30,'A','2018-03-05 10:04:39','2017-05-25 19:27:19'),(777,51,6,5,30,'A','2017-05-18 06:54:49','2017-09-24 20:29:57'),(778,100,5,7,30,'A','2017-07-24 14:54:03','2017-07-12 10:06:26'),(779,98,5,5,30,'A','2018-04-25 11:43:26','2017-10-19 05:00:02'),(780,99,5,2,30,'A','2018-02-06 16:28:52','2017-10-19 18:45:44'),(781,19,7,2,30,'A','2017-09-03 11:52:53','2018-02-17 10:50:12'),(782,57,6,7,30,'A','2017-07-03 02:34:48','2017-08-15 14:40:53'),(783,40,2,7,30,'A','2018-03-24 01:13:44','2017-07-22 00:00:26'),(784,91,5,2,30,'A','2018-02-06 02:19:06','2018-02-10 10:16:28'),(785,31,7,5,30,'A','2017-06-19 05:26:26','2018-01-18 00:22:29'),(786,14,6,5,30,'A','2017-12-23 21:56:55','2018-01-15 06:59:03'),(787,20,6,6,30,'A','2017-07-02 05:03:29','2017-08-15 21:46:48'),(788,73,2,6,30,'A','2018-04-24 04:08:21','2017-08-28 04:59:57'),(789,53,5,2,30,'A','2017-12-16 13:14:29','2017-08-31 04:19:18'),(790,94,2,7,30,'A','2018-02-19 16:03:52','2018-04-07 16:30:27'),(791,68,7,5,30,'A','2017-11-09 20:40:04','2017-07-26 23:23:09'),(792,86,7,7,30,'A','2017-09-20 10:29:38','2018-05-07 10:32:14'),(793,79,5,7,30,'A','2017-12-20 12:12:32','2017-08-13 21:44:44'),(794,49,6,6,30,'A','2017-07-09 15:45:52','2017-05-16 10:35:05'),(795,53,6,5,30,'A','2017-11-30 16:29:04','2018-02-17 07:42:44'),(796,98,7,5,30,'A','2017-11-05 09:02:35','2017-11-17 09:04:22'),(797,14,5,6,30,'A','2018-01-26 02:33:31','2017-10-16 03:41:13'),(798,44,5,7,30,'A','2018-01-15 05:08:42','2018-03-11 00:17:57'),(799,67,6,5,30,'A','2018-01-22 09:59:01','2017-10-16 18:10:43'),(800,66,2,7,30,'A','2017-08-14 09:46:55','2017-11-14 12:00:50'),(801,63,7,5,30,'A','2018-04-03 18:45:02','2017-12-20 09:20:05'),(802,35,6,2,30,'A','2018-01-21 08:46:42','2018-03-03 18:42:07'),(803,31,5,5,30,'A','2017-05-24 20:44:30','2017-11-09 12:30:20'),(804,44,5,2,30,'A','2017-12-22 18:53:59','2017-11-24 21:20:24'),(805,7,6,2,30,'A','2018-01-17 04:26:33','2017-11-13 22:36:55'),(806,63,7,6,30,'A','2017-10-02 02:59:50','2017-09-24 23:23:45'),(807,92,6,5,30,'A','2017-08-25 04:31:48','2017-11-20 00:07:03'),(808,11,6,2,30,'A','2017-12-27 13:17:06','2017-07-14 02:41:38'),(809,89,7,2,30,'A','2017-07-15 07:33:06','2017-09-02 04:16:55'),(810,54,6,7,30,'A','2017-10-14 23:45:28','2017-12-17 12:42:57'),(811,27,6,2,30,'A','2018-05-05 14:58:10','2017-07-31 16:59:31'),(812,68,2,7,30,'A','2017-12-09 08:44:18','2017-07-01 17:52:53'),(813,65,5,6,30,'A','2017-10-20 06:40:04','2018-03-14 14:01:03'),(814,82,6,5,30,'A','2017-12-13 11:05:02','2018-03-11 14:51:54'),(815,71,6,7,30,'A','2017-10-22 16:26:09','2017-12-23 08:24:30'),(816,86,2,6,30,'A','2018-01-10 05:47:13','2017-12-21 16:31:39'),(817,62,6,2,30,'A','2018-02-20 22:47:21','2017-10-11 06:22:18'),(818,10,5,7,30,'A','2017-11-01 13:34:12','2017-08-24 07:59:38'),(819,69,5,7,30,'A','2017-07-28 00:16:01','2017-11-01 20:11:46'),(820,14,5,6,30,'A','2017-10-26 21:55:11','2017-08-25 00:19:16'),(821,85,2,2,30,'A','2017-08-06 12:42:12','2017-09-01 22:33:31'),(822,51,6,6,30,'A','2017-12-02 12:00:44','2017-12-22 19:32:11'),(823,45,6,7,30,'A','2018-04-29 11:35:55','2018-02-28 20:44:33'),(824,101,2,7,30,'A','2017-06-25 08:51:18','2017-07-12 06:13:27'),(825,14,7,5,30,'A','2017-12-03 13:18:25','2017-07-30 02:25:56'),(826,15,2,7,30,'A','2017-10-06 19:21:31','2017-10-09 05:29:51'),(827,42,6,6,30,'A','2017-05-12 22:53:35','2017-06-25 11:25:23'),(828,85,7,6,30,'A','2017-06-19 19:53:51','2018-01-24 21:11:24'),(829,33,2,5,30,'A','2017-06-12 08:08:55','2017-07-19 19:08:05'),(830,23,5,5,30,'A','2017-11-10 16:38:15','2017-06-09 13:16:09'),(831,3,6,6,30,'A','2018-01-29 15:44:10','2017-05-25 06:50:05'),(832,80,7,6,30,'A','2018-01-24 11:33:00','2017-10-22 07:26:29'),(833,88,5,2,30,'A','2018-02-02 01:21:09','2017-11-23 00:41:12'),(834,45,2,7,30,'A','2018-05-09 04:09:54','2018-02-15 17:05:07'),(835,14,2,5,30,'A','2017-07-24 05:46:02','2018-04-18 17:47:51'),(836,84,5,2,30,'A','2017-08-16 11:31:05','2018-04-12 21:44:54'),(837,72,7,5,30,'A','2018-01-26 00:52:09','2017-06-30 10:13:10'),(838,41,6,2,30,'A','2018-03-31 23:27:59','2017-12-27 03:04:41'),(839,75,2,6,30,'A','2017-05-25 19:00:36','2018-05-02 20:50:32'),(840,20,6,5,30,'A','2017-09-18 21:08:15','2017-07-01 02:18:03'),(841,77,6,7,30,'A','2017-12-05 20:20:57','2017-09-28 13:59:13'),(842,45,7,2,30,'A','2017-12-28 13:29:26','2017-06-30 15:27:45'),(843,17,6,2,30,'A','2018-03-01 03:42:44','2018-04-21 21:32:14'),(844,68,6,5,30,'A','2017-08-15 23:41:56','2017-12-27 21:38:06'),(845,48,6,2,30,'A','2017-10-15 13:33:20','2018-03-11 04:44:03'),(846,60,2,5,30,'A','2018-01-25 01:36:54','2017-07-25 04:40:03'),(847,43,7,2,30,'A','2017-12-11 17:12:24','2017-08-12 16:47:59'),(848,46,6,2,30,'A','2017-09-27 23:03:23','2017-06-27 07:53:36'),(849,52,6,2,30,'A','2018-01-14 07:24:20','2017-10-22 02:06:20'),(850,22,7,2,30,'A','2018-01-28 19:14:52','2018-05-03 11:48:53'),(851,70,2,6,30,'A','2017-11-16 05:54:49','2018-05-02 22:50:26'),(852,71,5,7,30,'A','2017-12-09 10:26:39','2018-01-05 20:22:36'),(853,36,7,7,30,'A','2018-04-03 16:42:27','2018-03-18 07:09:50'),(854,77,2,7,30,'A','2018-04-14 21:09:14','2017-06-21 08:55:30'),(855,45,2,2,30,'A','2017-07-08 13:50:10','2017-09-29 15:52:06'),(856,77,5,2,30,'A','2017-06-06 19:11:22','2018-04-24 22:49:16'),(857,31,2,7,30,'A','2018-01-06 10:22:36','2018-01-25 07:04:45'),(858,91,5,6,30,'A','2017-07-14 13:42:47','2017-11-13 05:37:38'),(859,87,2,6,30,'A','2018-03-24 12:36:13','2018-03-24 23:20:53'),(860,85,6,7,30,'A','2017-05-15 21:32:53','2018-04-10 22:45:38'),(861,55,5,5,30,'A','2018-03-13 18:11:38','2017-11-28 13:39:29'),(862,88,2,7,30,'A','2017-10-14 22:56:16','2017-07-30 06:33:31'),(863,3,7,2,30,'A','2017-05-19 16:12:18','2017-09-09 16:28:43'),(864,89,2,7,30,'A','2018-03-31 21:01:42','2017-08-07 16:13:26'),(865,94,7,6,30,'A','2018-01-13 08:23:25','2018-01-15 15:13:13'),(866,46,7,6,30,'A','2017-10-14 12:58:18','2018-03-12 18:28:39'),(867,87,7,2,30,'A','2017-11-14 11:26:04','2017-12-01 14:19:39'),(868,19,7,6,30,'A','2017-11-09 22:54:26','2017-12-01 19:45:47'),(869,40,7,5,30,'A','2017-11-14 12:45:15','2018-01-06 02:15:02'),(870,99,5,5,30,'A','2017-06-15 22:28:32','2018-04-06 03:07:38'),(871,31,5,2,30,'A','2017-06-08 00:10:09','2017-06-14 14:21:57'),(872,46,2,5,30,'A','2018-02-28 22:34:27','2017-12-30 05:02:47'),(873,16,7,6,30,'A','2018-01-08 07:37:03','2018-04-05 10:15:01'),(874,88,2,6,30,'A','2017-10-01 10:08:00','2017-11-09 01:07:31'),(875,9,2,2,30,'A','2017-07-22 04:50:17','2017-08-07 03:36:14'),(876,62,7,2,30,'A','2017-06-26 15:03:14','2017-08-27 01:44:49'),(877,12,6,2,30,'A','2018-04-29 09:52:50','2017-06-05 07:04:17'),(878,48,7,6,30,'A','2018-01-15 08:27:55','2017-06-06 06:29:13'),(879,95,2,2,30,'A','2018-04-25 08:34:34','2018-04-28 18:19:16'),(880,32,7,6,30,'A','2017-07-08 02:41:27','2017-12-22 13:34:00'),(881,99,6,6,30,'A','2018-01-09 21:51:42','2017-05-30 16:23:22'),(882,56,5,7,30,'A','2017-06-06 08:02:41','2017-05-14 18:20:00'),(883,61,2,6,30,'A','2017-12-03 14:33:26','2018-01-22 11:47:33'),(884,11,7,5,30,'A','2018-02-14 13:51:48','2017-10-10 21:11:32'),(885,77,5,6,30,'A','2018-04-27 01:26:18','2017-11-26 00:10:49'),(886,96,7,7,30,'A','2017-12-22 11:59:22','2018-04-11 14:02:46'),(887,93,5,5,30,'A','2017-09-23 18:16:57','2017-10-03 10:06:43'),(888,78,5,7,30,'A','2017-05-14 02:52:37','2018-02-05 22:47:55'),(889,34,2,2,30,'A','2018-03-27 16:05:38','2017-11-10 17:39:42'),(890,46,6,6,30,'A','2017-08-31 13:44:33','2018-03-06 07:22:06'),(891,60,7,6,30,'A','2017-06-20 15:07:49','2017-10-25 23:18:50'),(892,64,7,5,30,'A','2017-07-17 11:18:33','2017-06-17 16:51:26'),(893,37,6,6,30,'A','2018-02-15 20:36:41','2017-05-26 06:07:58'),(894,26,5,6,30,'A','2017-06-18 09:07:20','2018-03-16 20:13:15'),(895,49,6,5,30,'A','2018-01-25 13:38:32','2018-04-12 01:32:44'),(896,101,6,2,30,'A','2018-02-27 11:56:51','2018-02-27 05:42:57'),(897,99,6,6,30,'A','2017-06-23 20:09:55','2017-09-09 17:38:29'),(898,66,7,6,30,'A','2018-03-18 13:00:41','2017-05-17 02:01:24'),(899,7,2,6,30,'A','2018-01-04 01:26:08','2017-10-06 15:08:55'),(900,60,6,2,30,'A','2017-07-27 11:14:18','2018-03-26 03:24:48'),(901,25,5,2,30,'A','2017-10-19 14:17:02','2017-06-09 01:03:15'),(902,81,6,6,30,'A','2017-06-14 12:52:08','2017-10-11 10:59:36'),(903,41,7,5,30,'A','2018-01-10 15:47:06','2017-12-27 00:18:40'),(904,93,7,2,30,'A','2018-04-26 22:19:29','2018-01-14 08:43:25'),(905,67,7,6,30,'A','2017-12-09 05:06:26','2017-08-30 00:31:54'),(906,41,7,5,30,'A','2018-04-29 01:20:49','2018-04-10 16:17:32'),(907,99,6,7,30,'A','2017-08-05 05:01:25','2018-02-17 16:12:13'),(908,18,5,5,30,'A','2018-01-16 10:02:13','2018-01-13 06:46:20'),(909,71,2,7,30,'A','2017-09-24 18:27:36','2017-09-02 15:10:50'),(910,52,5,7,30,'A','2018-01-24 13:04:19','2018-03-02 15:23:06'),(911,48,2,2,30,'A','2017-12-18 18:13:56','2018-03-05 16:51:21'),(912,2,5,6,30,'A','2018-02-17 05:04:22','2017-12-02 21:41:35'),(913,64,2,2,30,'A','2018-03-30 00:00:31','2017-10-15 21:15:26'),(914,24,2,2,30,'A','2018-02-01 08:08:08','2018-04-07 23:13:04'),(915,56,5,5,30,'A','2018-01-22 09:26:27','2017-10-17 00:37:21'),(916,9,5,5,30,'A','2017-10-07 23:21:27','2017-08-12 04:20:59'),(917,67,2,7,30,'A','2017-12-07 10:02:42','2017-11-05 08:03:13'),(918,41,5,2,30,'A','2017-12-25 00:00:48','2018-01-03 02:00:04'),(919,83,2,6,30,'A','2018-03-27 19:23:45','2017-05-25 23:37:57'),(920,55,7,5,30,'A','2018-02-06 09:57:24','2017-10-21 04:35:52'),(921,13,7,2,30,'A','2018-01-08 14:18:34','2017-06-14 12:59:32'),(922,63,2,7,30,'A','2017-09-19 02:15:39','2017-07-17 22:42:06'),(923,76,6,2,30,'A','2018-01-16 12:54:52','2017-12-31 08:37:13'),(924,20,2,6,30,'A','2018-02-06 17:28:44','2018-05-09 15:00:06'),(925,5,5,6,30,'A','2017-08-03 02:08:29','2018-03-07 04:07:06'),(926,12,6,7,30,'A','2017-09-26 12:13:58','2017-12-12 09:51:47'),(927,7,5,7,30,'A','2017-08-04 08:52:28','2018-01-30 16:12:29'),(928,37,6,6,30,'A','2017-12-23 23:30:51','2017-08-16 05:48:19'),(929,53,2,5,30,'A','2017-10-13 16:26:00','2017-11-07 16:17:36'),(930,12,7,5,30,'A','2017-10-01 02:57:32','2018-03-11 14:34:19'),(931,9,2,2,30,'A','2017-08-22 00:39:51','2017-11-24 23:56:37'),(932,17,5,6,30,'A','2017-12-21 22:19:16','2017-09-13 08:53:19'),(933,82,5,5,30,'A','2017-10-18 05:29:40','2018-02-01 09:14:43'),(934,93,2,2,30,'A','2017-06-03 15:27:36','2017-07-15 04:02:24'),(935,93,5,6,30,'A','2017-12-07 20:12:08','2017-06-14 15:52:12'),(936,15,7,6,30,'A','2017-10-05 12:05:40','2017-10-12 22:34:01'),(937,70,6,6,30,'A','2018-04-10 22:50:35','2017-11-25 11:39:12'),(938,75,2,7,30,'A','2017-05-25 16:36:52','2018-05-09 01:13:53'),(939,28,5,6,30,'A','2018-04-26 13:27:51','2018-03-27 08:14:02'),(940,62,6,6,30,'A','2017-09-20 07:01:48','2018-03-25 17:35:08'),(941,4,6,2,30,'A','2017-12-18 17:28:51','2017-05-10 21:27:42'),(942,11,7,6,30,'A','2017-08-04 11:05:15','2017-08-08 01:56:10'),(943,26,2,7,30,'A','2018-04-18 09:03:05','2018-02-01 23:39:05'),(944,43,7,7,30,'A','2017-05-23 18:30:55','2017-09-28 08:55:37'),(945,29,2,2,30,'A','2017-10-27 16:04:41','2017-12-06 13:02:59'),(946,14,2,6,30,'A','2017-10-26 00:38:13','2018-04-29 14:38:00'),(947,53,5,5,30,'A','2018-03-07 21:37:55','2017-07-22 07:04:20'),(948,13,5,6,30,'A','2017-11-24 05:38:45','2017-11-03 12:13:10'),(949,57,6,7,30,'A','2018-03-18 22:55:29','2017-06-06 19:53:44'),(950,31,6,7,30,'A','2017-09-13 20:56:04','2018-03-18 12:53:42'),(951,96,5,5,30,'A','2017-10-15 10:35:32','2017-11-30 02:35:48'),(952,43,2,6,30,'A','2018-01-21 14:54:18','2018-03-26 13:59:44'),(953,42,2,2,30,'A','2017-05-20 09:58:37','2018-01-02 22:41:55'),(954,77,6,2,30,'A','2017-07-09 15:51:31','2018-03-27 20:07:27'),(955,88,6,6,30,'A','2017-10-24 07:19:02','2017-10-07 16:55:56'),(956,6,7,7,30,'A','2017-12-13 05:47:22','2017-08-10 18:39:41'),(957,79,2,2,30,'A','2018-04-09 00:05:12','2018-01-21 01:25:20'),(958,83,7,5,30,'A','2017-06-10 12:34:07','2017-06-30 14:54:10'),(959,69,5,6,30,'A','2017-11-19 18:21:55','2018-02-21 17:19:12'),(960,54,2,7,30,'A','2018-03-25 16:22:47','2017-07-01 09:09:13'),(961,66,6,5,30,'A','2017-08-28 13:07:02','2017-07-24 23:02:51'),(962,9,5,6,30,'A','2017-10-26 14:59:57','2017-10-18 15:28:01'),(963,34,6,5,30,'A','2018-04-14 18:50:09','2017-11-11 14:44:52'),(964,55,7,6,30,'A','2018-03-20 20:06:49','2018-05-06 05:27:58'),(965,101,7,7,30,'A','2017-07-11 12:55:08','2018-04-21 22:17:19'),(966,95,7,6,30,'A','2017-06-05 11:52:25','2017-07-20 00:38:12'),(967,29,2,6,30,'A','2017-12-20 04:13:14','2017-06-28 03:50:59'),(968,77,6,5,30,'A','2017-08-27 17:37:44','2017-06-22 16:05:01'),(969,18,7,7,30,'A','2017-06-06 20:19:32','2018-02-12 22:07:39'),(970,81,6,6,30,'A','2018-04-17 21:15:58','2017-09-27 09:09:20'),(971,62,6,2,30,'A','2017-11-14 08:31:08','2017-05-23 15:54:48'),(972,100,6,5,30,'A','2017-11-20 17:49:47','2018-01-05 16:56:03'),(973,13,2,2,30,'A','2018-04-27 12:28:19','2017-12-20 09:05:38'),(974,32,7,7,30,'A','2018-04-22 08:47:31','2018-05-04 19:43:39'),(975,18,2,5,30,'A','2018-03-13 04:33:46','2017-12-29 18:16:43'),(976,15,6,6,30,'A','2017-06-13 09:15:12','2017-11-13 23:09:03'),(977,17,6,2,30,'A','2017-05-25 00:55:38','2018-02-01 08:00:41'),(978,100,6,6,30,'A','2017-09-15 04:58:53','2017-08-06 15:45:53'),(979,24,7,7,30,'A','2017-06-11 02:36:41','2018-05-03 10:20:16'),(980,101,2,5,30,'A','2017-09-01 21:15:20','2017-06-23 11:03:12'),(981,11,2,6,30,'A','2017-09-21 08:10:16','2017-12-09 10:07:34'),(982,50,2,7,30,'A','2017-11-15 04:38:01','2017-11-13 14:50:26'),(983,27,5,6,30,'A','2017-07-01 04:11:54','2017-12-21 04:18:04'),(984,89,2,5,30,'A','2017-08-09 16:58:45','2017-12-02 07:57:43'),(985,40,5,6,30,'A','2017-11-25 23:09:12','2017-07-02 14:23:10'),(986,57,6,2,30,'A','2018-03-18 15:50:00','2017-12-22 17:36:24'),(987,89,6,7,30,'A','2018-03-25 19:51:17','2018-02-17 19:29:41'),(988,35,2,7,30,'A','2017-10-21 10:55:33','2017-10-19 05:30:33'),(989,23,6,5,30,'A','2018-03-05 07:50:12','2018-05-08 02:10:58'),(990,55,7,6,30,'A','2017-09-23 05:14:55','2017-12-25 23:21:46'),(991,20,2,6,30,'A','2017-07-17 13:21:40','2018-04-04 13:51:07'),(992,35,6,7,30,'A','2017-05-30 22:22:42','2017-06-29 16:43:31'),(993,90,7,7,30,'A','2018-01-07 10:56:03','2017-12-23 12:59:29'),(994,100,2,6,30,'A','2018-02-19 10:59:39','2017-07-28 01:48:01'),(995,3,6,5,30,'A','2017-12-29 10:03:54','2017-10-08 19:25:18'),(996,44,7,2,30,'A','2017-11-17 23:40:58','2018-04-04 09:50:20'),(997,3,6,2,30,'A','2017-10-23 04:07:31','2018-03-21 19:23:52'),(998,91,6,5,30,'A','2018-02-23 08:33:47','2017-05-14 17:37:23'),(999,75,5,2,30,'A','2017-11-09 15:21:27','2017-11-15 02:19:00'),(1000,9,5,2,30,'A','2018-02-14 20:26:45','2017-08-28 14:31:10'),(1001,18,5,7,30,'A','2017-11-10 12:58:06','2018-01-17 23:29:12'),(1002,86,6,6,30,'A','2018-01-01 11:24:34','2017-08-13 06:19:27'),(1003,61,2,6,30,'A','2017-07-25 07:06:04','2017-08-22 02:45:09'),(1004,99,7,5,30,'A','2017-09-28 09:54:25','2017-11-08 00:44:48'),(1005,13,2,6,30,'A','2017-11-26 19:19:26','2017-05-24 13:16:56'),(1006,101,5,7,30,'A','2017-08-30 19:03:38','2017-09-15 02:11:18');
/*!40000 ALTER TABLE `contratacoes` ENABLE KEYS */;
UNLOCK TABLES;

--
-- Table structure for table `servico`
--

DROP TABLE IF EXISTS `servico`;
/*!40101 SET @saved_cs_client     = @@character_set_client */;
/*!40101 SET character_set_client = utf8 */;
CREATE TABLE `servico` (
  `id` int(11) NOT NULL AUTO_INCREMENT,
  `usuario_id` int(11) DEFAULT NULL,
  `titulo` varchar(255) COLLATE utf8mb4_unicode_ci NOT NULL,
  `slug` varchar(255) COLLATE utf8mb4_unicode_ci NOT NULL,
  `valor` decimal(2,0) NOT NULL,
  `descricao` longtext COLLATE utf8mb4_unicode_ci NOT NULL,
  `informacoes_adicionais` longtext COLLATE utf8mb4_unicode_ci,
  `prazo_entrega` int(11) NOT NULL,
  `status` varchar(1) COLLATE utf8mb4_unicode_ci NOT NULL COMMENT 'Usar P para publicado, A para Em Analise, I para Inativo, E para excluido e R para Rejeitado',
  `data_cadastro` datetime NOT NULL COMMENT '(DC2Type:datetime_immutable)',
  `data_alteracao` datetime DEFAULT NULL COMMENT '(DC2Type:datetime_immutable)',
  `imagem` varchar(255) COLLATE utf8mb4_unicode_ci DEFAULT NULL,
  PRIMARY KEY (`id`),
  KEY `IDX_14873CCDB38439E` (`usuario_id`),
  CONSTRAINT `FK_14873CCDB38439E` FOREIGN KEY (`usuario_id`) REFERENCES `usuario` (`id`)
) ENGINE=InnoDB AUTO_INCREMENT=103 DEFAULT CHARSET=utf8mb4 COLLATE=utf8mb4_unicode_ci;
/*!40101 SET character_set_client = @saved_cs_client */;

--
-- Dumping data for table `servico`
--

LOCK TABLES `servico` WRITE;
/*!40000 ALTER TABLE `servico` DISABLE KEYS */;
INSERT INTO `servico` VALUES (1,5,'Titulo bem grande para testar se o slug funciona','titulo-bem-grande-para-testar-se-o-slug-funciona',30,'Lorem ipsum dolor sit amet, consectetur adipiscing elit. Pellentesque auctor dui pretium hendrerit dapibus. Cras quis arcu sodales, dignissim magna ut, rhoncus neque. Nullam malesuada libero aliquet, feugiat ligula scelerisque, ultrices nisl. Morbi viverra orci in neque iaculis, sit amet bibendum orci gravida. Ut accumsan dolor et sagittis lobortis. Praesent gravida mauris interdum, tempor justo non, laoreet enim. Curabitur vehicula commodo viverra. Orci varius natoque penatibus et magnis dis parturient montes, nascetur ridiculus mus. Donec vel vestibulum orci, eu volutpat velit. Sed viverra mauris et est tempor, at dapibus ipsum tincidunt. Suspendisse in commodo erat. Nam gravida augue sed ipsum cursus commodo. Ut faucibus, mauris sit amet ullamcorper laoreet, sapien elit eleifend eros, eget semper orci mi eget diam.\r\n\r\nFusce pulvinar metus vitae ante sodales ultrices. Maecenas ultrices mauris sit amet nibh dictum varius. Cras quis magna feugiat, venenatis ex eget, ullamcorper metus. Cras libero turpis, facilisis nec faucibus ut, commodo ac massa. Donec libero velit, lacinia sit amet mauris ac, volutpat tempus nulla. Proin elit nisl, imperdiet eget magna quis, ornare finibus arcu. Vestibulum in laoreet magna, quis faucibus lectus. Pellentesque dignissim nulla sit amet lorem congue, non laoreet ipsum pulvinar. Phasellus vel dui finibus, maximus libero in, maximus lorem. Nullam porta imperdiet felis at euismod. Mauris molestie mi non eleifend ultricies.\r\n\r\nEtiam scelerisque, justo mattis pulvinar gravida, ipsum erat efficitur elit, non mollis nulla est eget nisi. Pellentesque placerat sed nisl sed pulvinar. Quisque quis malesuada leo. Donec eget mauris ac turpis ultricies tempor et sit amet est. In pulvinar nulla vitae posuere tincidunt. Suspendisse potenti. Donec suscipit sem mi, eu viverra velit bibendum a. In tincidunt porttitor orci id porta. Suspendisse ornare purus vel massa posuere, quis sodales sapien pulvinar. Curabitur convallis vitae lorem non pellentesque. Suspendisse aliquam non mauris in vestibulum.\r\n\r\nDonec consequat commodo ligula vitae pharetra. Cras mollis sit amet arcu rhoncus finibus. Ut nunc ligula, dictum eu arcu non, tincidunt efficitur velit. Suspendisse potenti. Nunc ut varius risus. Suspendisse non venenatis nulla. Quisque bibendum quam tortor, nec fermentum tellus fermentum vel. Class aptent taciti sociosqu ad litora torquent per conubia nostra, per inceptos himenaeos. Phasellus magna eros, fermentum auctor hendrerit nec, faucibus at felis. Vivamus in posuere mauris. Etiam sed magna vel purus egestas viverra eu nec urna.','Pellentesque ut lorem nisi. Nulla eget commodo ex, at semper turpis. Vestibulum ante ipsum primis in faucibus orci luctus et ultrices posuere cubilia Curae; In tempus, nisl at volutpat facilisis, urna justo elementum mi, interdum rutrum dui odio sed dolor. \r\n\r\nPhasellus sapien nisl, sollicitudin sed rutrum eu, accumsan ac sapien. In nec lectus vitae diam iaculis bibendum. Nullam purus metus, iaculis a nisi quis, cursus pulvinar urna. Fusce vitae lobortis nisi, eget ultrices orci. Duis ullamcorper ipsum maximus sapien pharetra finibus. Suspendisse sed enim pharetra, ultrices mi id, ullamcorper nunc. \r\n\r\nMorbi at tempus nisi, vel cursus tellus. In hac habitasse platea dictumst. Phasellus convallis venenatis laoreet. Praesent non lacinia libero, eu vehicula mi. Donec consequat enim sapien, a rhoncus nisl vehicula lobortis.',3,'P','2018-04-26 21:10:22','2018-04-26 23:08:55','558dbdad2569fd6b3a1ea41d334baa58.jpg'),(2,2,'Etiam scelerisque, justo mattis pulvinar gravida, ipsum erat efficitur elit, non mollis nulla est eget nisi.','etiam-scelerisque-justo-mattis-pulvinar-gravida-ipsum-erat-efficitur-elit-non-mollis-nulla-est-eget-nisi',30,'Donec consequat commodo ligula vitae pharetra. Cras mollis sit amet arcu rhoncus finibus. Ut nunc ligula, dictum eu arcu non, tincidunt efficitur velit. Suspendisse potenti. Nunc ut varius risus. Suspendisse non venenatis nulla. Quisque bibendum quam tortor, nec fermentum tellus fermentum vel. Class aptent taciti sociosqu ad litora torquent per conubia nostra, per inceptos himenaeos. Phasellus magna eros, fermentum auctor hendrerit nec, faucibus at felis. Vivamus in posuere mauris. Etiam sed magna vel purus egestas viverra eu nec urna.\r\n\r\nPellentesque ut lorem nisi. Nulla eget commodo ex, at semper turpis. Vestibulum ante ipsum primis in faucibus orci luctus et ultrices posuere cubilia Curae; In tempus, nisl at volutpat facilisis, urna justo elementum mi, interdum rutrum dui odio sed dolor. Phasellus sapien nisl, sollicitudin sed rutrum eu, accumsan ac sapien. In nec lectus vitae diam iaculis bibendum. Nullam purus metus, iaculis a nisi quis, cursus pulvinar urna. Fusce vitae lobortis nisi, eget ultrices orci. Duis ullamcorper ipsum maximus sapien pharetra finibus. Suspendisse sed enim pharetra, ultrices mi id, ullamcorper nunc. Morbi at tempus nisi, vel cursus tellus. In hac habitasse platea dictumst. Phasellus convallis venenatis laoreet. Praesent non lacinia libero, eu vehicula mi. Donec consequat enim sapien, a rhoncus nisl vehicula lobortis.','Pellentesque ut lorem nisi. Nulla eget commodo ex, at semper turpis. Vestibulum ante ipsum primis in faucibus orci luctus et ultrices posuere cubilia Curae; In tempus, nisl at volutpat facilisis, urna justo elementum mi, interdum rutrum dui odio sed dolor. \r\n\r\nPhasellus sapien nisl, sollicitudin sed rutrum eu, accumsan ac sapien. In nec lectus vitae diam iaculis bibendum. Nullam purus metus, iaculis a nisi quis, cursus pulvinar urna. Fusce vitae lobortis nisi, eget ultrices orci. Duis ullamcorper ipsum maximus sapien pharetra finibus. Suspendisse sed enim pharetra, ultrices mi id, ullamcorper nunc. \r\n\r\nMorbi at tempus nisi, vel cursus tellus. In hac habitasse platea dictumst. Phasellus convallis venenatis laoreet. Praesent non lacinia libero, eu vehicula mi. Donec consequat enim sapien, a rhoncus nisl vehicula lobortis.',3,'P','2018-04-26 21:24:57','2018-04-26 23:07:20','f426c448d637c3eeee6219889a47ec51.jpeg'),(3,2,'Grass-roots stable website','grass-roots-stable-website',30,'Sed sagittis. Nam congue, risus semper porta volutpat, quam pede lobortis ligula, sit amet eleifend pede libero quis orci. Nullam molestie nibh in lectus. Pellentesque at nulla.',NULL,6,'A','2017-11-02 08:24:15','2017-06-30 05:13:35','NZ-3.jpg'),(4,2,'Cross-group analyzing portal','cross-group-analyzing-portal',30,'Aenean lectus. Pellentesque eget nunc. Donec quis orci eget orci vehicula condimentum. Curabitur in libero ut massa volutpat convallis.','Aliquam sit amet diam in magna bibendum imperdiet. Nullam orci pede, venenatis non, sodales sed, tincidunt eu, felis.',27,'E','2017-09-15 09:36:18','2017-11-04 17:47:54','paisagem-do-por-do-sol-do-verao-do-girassol-com-ceus-azuis-26320403.jpg'),(5,5,'Networked maximized model','networked-maximized-model',30,'Nullam varius. Nulla facilisi. Cras non velit nec nisi vulputate nonummy.','Aliquam sit amet diam in magna bibendum imperdiet. Nullam orci pede, venenatis non, sodales sed, tincidunt eu, felis. Fusce posuere felis sed lacus.',23,'I','2018-03-14 20:34:26','2017-05-12 04:07:33','NZ-3.jpg'),(6,6,'Streamlined discrete concept','streamlined-discrete-concept',30,'Morbi non lectus. Aliquam sit amet diam in magna bibendum imperdiet. Nullam orci pede, venenatis non, sodales sed, tincidunt eu, felis. Fusce posuere felis sed lacus.','Integer non velit. Donec diam neque, vestibulum eget, vulputate ut, ultrices vel, augue. Vestibulum ante ipsum primis in faucibus orci luctus et ultrices posuere cubilia Curae; Donec pharetra, magna vestibulum aliquet ultrices, erat tortor sollicitudin mi, sit amet lobortis sapien sapien non mi.',6,'I','2018-01-20 21:45:41','2017-11-17 05:48:18','3d-render-de-uma-paisagem-tropical-com-palmeiras-e-mar-azul_1048-6386.jpg'),(7,6,'Cloned interactive capability','cloned-interactive-capability',30,'Nulla justo. Aliquam quis turpis eget elit sodales scelerisque. Mauris sit amet eros. Suspendisse accumsan tortor quis turpis.','Phasellus sit amet erat.',24,'A','2017-11-25 08:46:54','2017-07-27 01:21:20','paisagem-do-por-do-sol-do-verao-do-girassol-com-ceus-azuis-26320403.jpg'),(8,2,'Reduced static standardization','reduced-static-standardization',30,'Nam congue, risus semper porta volutpat, quam pede lobortis ligula, sit amet eleifend pede libero quis orci. Nullam molestie nibh in lectus. Pellentesque at nulla. Suspendisse potenti.','Nam ultrices, libero non mattis pulvinar, nulla pede ullamcorper augue, a suscipit nulla elit ac nulla. Sed vel enim sit amet nunc viverra dapibus.',4,'R','2017-12-09 08:35:58','2017-08-27 04:48:46','NZ-3.jpg'),(9,5,'Down-sized fresh-thinking forecast','down-sized-fresh-thinking-forecast',30,'Nulla tellus. In sagittis dui vel nisl. Duis ac nibh. Fusce lacus purus, aliquet at, feugiat non, pretium quis, lectus.','In congue. Etiam justo.',6,'R','2018-01-01 04:37:56','2017-12-14 06:54:43','3d-render-de-uma-paisagem-tropical-com-palmeiras-e-mar-azul_1048-6386.jpg'),(10,7,'Phased executive projection','phased-executive-projection',30,'Nulla facilisi. Cras non velit nec nisi vulputate nonummy. Maecenas tincidunt lacus at velit. Vivamus vel nulla eget eros elementum pellentesque.',NULL,18,'E','2017-09-14 02:07:49','2017-12-13 14:45:44','b2f13edfbc51d493213d7bf0103fe951.jpg'),(11,2,'Self-enabling mission-critical policy','self-enabling-mission-critical-policy',30,'Vestibulum quam sapien, varius ut, blandit non, interdum in, ante. Vestibulum ante ipsum primis in faucibus orci luctus et ultrices posuere cubilia Curae; Duis faucibus accumsan odio. Curabitur convallis. Duis consequat dui nec nisi volutpat eleifend. Donec ut dolor.','Mauris lacinia sapien quis libero.',20,'E','2017-07-20 06:00:54','2017-07-27 08:10:49','b2f13edfbc51d493213d7bf0103fe951.jpg'),(12,2,'Switchable dedicated hardware','switchable-dedicated-hardware',30,'Maecenas tincidunt lacus at velit. Vivamus vel nulla eget eros elementum pellentesque. Quisque porta volutpat erat. Quisque erat eros, viverra eget, congue eget, semper rutrum, nulla.','Donec posuere metus vitae ipsum. Aliquam non mauris. Morbi non lectus.',3,'E','2017-08-07 08:50:41','2017-11-11 07:37:56','b2f13edfbc51d493213d7bf0103fe951.jpg'),(13,2,'Function-based hybrid portal','function-based-hybrid-portal',30,'Suspendisse accumsan tortor quis turpis. Sed ante. Vivamus tortor.','Praesent blandit lacinia erat. Vestibulum sed magna at nunc commodo placerat.',26,'P','2018-01-21 22:39:10','2017-06-03 16:38:55','b2f13edfbc51d493213d7bf0103fe951.jpg'),(14,6,'Cross-group user-facing conglomeration','cross-group-user-facing-conglomeration',30,'Integer ac leo. Pellentesque ultrices mattis odio. Donec vitae nisi. Nam ultrices, libero non mattis pulvinar, nulla pede ullamcorper augue, a suscipit nulla elit ac nulla. Sed vel enim sit amet nunc viverra dapibus.','Praesent blandit.',2,'P','2017-11-21 13:08:08','2017-09-26 14:57:30','3d-render-de-uma-paisagem-tropical-com-palmeiras-e-mar-azul_1048-6386.jpg'),(15,6,'Upgradable 5th generation website','upgradable-5th-generation-website',30,'Fusce lacus purus, aliquet at, feugiat non, pretium quis, lectus. Suspendisse potenti. In eleifend quam a odio. In hac habitasse platea dictumst.','Integer tincidunt ante vel ipsum.',15,'A','2017-10-07 04:41:10','2017-07-15 06:36:49','iphoto-fotografos-de-paisagem-123-990x658.jpg'),(16,2,'Advanced grid-enabled help-desk','advanced-grid-enabled-help-desk',30,'Duis consequat dui nec nisi volutpat eleifend. Donec ut dolor. Morbi vel lectus in quam fringilla rhoncus. Mauris enim leo, rhoncus sed, vestibulum sit amet, cursus id, turpis.','Aenean sit amet justo. Morbi ut odio.',9,'P','2018-03-20 07:18:05','2017-06-21 18:40:46','iphoto-fotografos-de-paisagem-123-990x658.jpg'),(17,6,'Polarised heuristic contingency','polarised-heuristic-contingency',30,'In tempor, turpis nec euismod scelerisque, quam turpis adipiscing lorem, vitae mattis nibh ligula nec sem. Duis aliquam convallis nunc. Proin at turpis a pede posuere nonummy. Integer non velit.','Vestibulum sed magna at nunc commodo placerat. Praesent blandit.',20,'I','2018-04-01 17:42:25','2017-12-15 03:22:34','paisagem-do-por-do-sol-do-verao-do-girassol-com-ceus-azuis-26320403.jpg'),(18,6,'Expanded systematic conglomeration','expanded-systematic-conglomeration',30,'Duis bibendum. Morbi non quam nec dui luctus rutrum. Nulla tellus.',NULL,5,'R','2018-04-17 03:42:16','2017-07-27 22:51:54','iphoto-fotografos-de-paisagem-123-990x658.jpg'),(19,5,'Enhanced multi-state infrastructure','enhanced-multi-state-infrastructure',30,'Integer pede justo, lacinia eget, tincidunt eget, tempus vel, pede. Morbi porttitor lorem id ligula. Suspendisse ornare consequat lectus.','Quisque erat eros, viverra eget, congue eget, semper rutrum, nulla. Nunc purus. Phasellus in felis.',12,'E','2017-06-23 19:54:38','2018-02-08 02:34:09','paisagem-do-por-do-sol-do-verao-do-girassol-com-ceus-azuis-26320403.jpg'),(20,7,'Seamless human-resource circuit','seamless-human-resource-circuit',30,'Vestibulum ante ipsum primis in faucibus orci luctus et ultrices posuere cubilia Curae; Donec pharetra, magna vestibulum aliquet ultrices, erat tortor sollicitudin mi, sit amet lobortis sapien sapien non mi. Integer ac neque. Duis bibendum. Morbi non quam nec dui luctus rutrum. Nulla tellus.',NULL,26,'I','2017-09-05 23:59:15','2017-10-15 14:13:15','iphoto-fotografos-de-paisagem-123-990x658.jpg'),(21,7,'Diverse client-driven time-frame','diverse-client-driven-time-frame',30,'Morbi non lectus. Aliquam sit amet diam in magna bibendum imperdiet. Nullam orci pede, venenatis non, sodales sed, tincidunt eu, felis.','Fusce posuere felis sed lacus.',8,'E','2018-04-11 17:22:20','2018-04-02 00:13:22','iphoto-fotografos-de-paisagem-123-990x658.jpg'),(22,6,'Sharable asymmetric moratorium','sharable-asymmetric-moratorium',30,'Nullam sit amet turpis elementum ligula vehicula consequat. Morbi a ipsum. Integer a nibh. In quis justo.','Proin interdum mauris non ligula pellentesque ultrices. Phasellus id sapien in sapien iaculis congue. Vivamus metus arcu, adipiscing molestie, hendrerit at, vulputate vitae, nisl.',17,'E','2017-05-15 22:25:37','2017-08-20 21:37:06','b2f13edfbc51d493213d7bf0103fe951.jpg'),(23,6,'User-friendly explicit help-desk','user-friendly-explicit-help-desk',30,'Aliquam sit amet diam in magna bibendum imperdiet. Nullam orci pede, venenatis non, sodales sed, tincidunt eu, felis. Fusce posuere felis sed lacus. Morbi sem mauris, laoreet ut, rhoncus aliquet, pulvinar sed, nisl.',NULL,22,'E','2017-08-17 14:34:06','2017-08-11 12:53:45','iphoto-fotografos-de-paisagem-123-990x658.jpg'),(24,5,'Extended encompassing approach','extended-encompassing-approach',30,'In sagittis dui vel nisl. Duis ac nibh. Fusce lacus purus, aliquet at, feugiat non, pretium quis, lectus. Suspendisse potenti. In eleifend quam a odio.','Donec quis orci eget orci vehicula condimentum. Curabitur in libero ut massa volutpat convallis. Morbi odio odio, elementum eu, interdum eu, tincidunt in, leo.',15,'P','2017-12-12 08:43:19','2017-08-11 16:54:53','iphoto-fotografos-de-paisagem-123-990x658.jpg'),(25,5,'Seamless context-sensitive website','seamless-context-sensitive-website',30,'Aliquam non mauris. Morbi non lectus. Aliquam sit amet diam in magna bibendum imperdiet. Nullam orci pede, venenatis non, sodales sed, tincidunt eu, felis.',NULL,26,'A','2017-11-01 09:57:07','2018-02-14 16:38:59','paisagem-do-por-do-sol-do-verao-do-girassol-com-ceus-azuis-26320403.jpg'),(26,2,'Switchable bottom-line complexity','switchable-bottom-line-complexity',30,'Integer pede justo, lacinia eget, tincidunt eget, tempus vel, pede. Morbi porttitor lorem id ligula. Suspendisse ornare consequat lectus. In est risus, auctor sed, tristique in, tempus sit amet, sem. Fusce consequat.','Nam congue, risus semper porta volutpat, quam pede lobortis ligula, sit amet eleifend pede libero quis orci. Nullam molestie nibh in lectus. Pellentesque at nulla.',9,'I','2017-08-28 16:08:40','2017-10-27 01:05:26','3d-render-de-uma-paisagem-tropical-com-palmeiras-e-mar-azul_1048-6386.jpg'),(27,7,'Persistent bi-directional internet solution','persistent-bi-directional-internet-solution',30,'Vestibulum ante ipsum primis in faucibus orci luctus et ultrices posuere cubilia Curae; Mauris viverra diam vitae quam. Suspendisse potenti. Nullam porttitor lacus at turpis. Donec posuere metus vitae ipsum. Aliquam non mauris.','Aenean lectus. Pellentesque eget nunc.',6,'E','2018-03-01 01:09:06','2018-04-12 16:43:52','b2f13edfbc51d493213d7bf0103fe951.jpg'),(28,2,'User-friendly national installation','user-friendly-national-installation',30,'Lorem ipsum dolor sit amet, consectetuer adipiscing elit. Proin interdum mauris non ligula pellentesque ultrices. Phasellus id sapien in sapien iaculis congue.','In quis justo. Maecenas rhoncus aliquam lacus.',14,'A','2018-03-15 16:55:39','2018-02-24 23:50:03','b2f13edfbc51d493213d7bf0103fe951.jpg'),(29,7,'Fully-configurable content-based flexibility','fully-configurable-content-based-flexibility',30,'Vestibulum rutrum rutrum neque. Aenean auctor gravida sem. Praesent id massa id nisl venenatis lacinia.',NULL,24,'P','2017-07-03 20:30:02','2017-06-08 14:51:57','b2f13edfbc51d493213d7bf0103fe951.jpg'),(30,6,'Sharable national success','sharable-national-success',30,'Ut tellus. Nulla ut erat id mauris vulputate elementum. Nullam varius. Nulla facilisi.',NULL,8,'I','2018-04-01 23:55:21','2018-01-25 22:59:41','iphoto-fotografos-de-paisagem-123-990x658.jpg'),(31,5,'Enterprise-wide national internet solution','enterprise-wide-national-internet-solution',30,'Morbi non lectus. Aliquam sit amet diam in magna bibendum imperdiet. Nullam orci pede, venenatis non, sodales sed, tincidunt eu, felis.',NULL,12,'E','2018-04-13 00:55:54','2017-10-25 07:08:06','3d-render-de-uma-paisagem-tropical-com-palmeiras-e-mar-azul_1048-6386.jpg'),(32,5,'Pre-emptive scalable project','pre-emptive-scalable-project',30,'Nulla nisl. Nunc nisl. Duis bibendum, felis sed interdum venenatis, turpis enim blandit mi, in porttitor pede justo eu massa. Donec dapibus.',NULL,13,'A','2017-12-17 17:17:04','2018-01-07 18:12:29','paisagem-do-por-do-sol-do-verao-do-girassol-com-ceus-azuis-26320403.jpg'),(33,5,'Balanced methodical benchmark','balanced-methodical-benchmark',30,'Aliquam erat volutpat. In congue. Etiam justo. Etiam pretium iaculis justo. In hac habitasse platea dictumst.','Curabitur at ipsum ac tellus semper interdum. Mauris ullamcorper purus sit amet nulla.',21,'I','2017-10-19 04:07:04','2018-01-06 11:38:42','paisagem-do-por-do-sol-do-verao-do-girassol-com-ceus-azuis-26320403.jpg'),(34,7,'Right-sized actuating capability','right-sized-actuating-capability',30,'Nulla nisl. Nunc nisl. Duis bibendum, felis sed interdum venenatis, turpis enim blandit mi, in porttitor pede justo eu massa. Donec dapibus. Duis at velit eu est congue elementum.','Curabitur in libero ut massa volutpat convallis. Morbi odio odio, elementum eu, interdum eu, tincidunt in, leo.',25,'E','2017-09-11 10:07:06','2018-03-26 16:08:18','paisagem-do-por-do-sol-do-verao-do-girassol-com-ceus-azuis-26320403.jpg'),(35,7,'Managed client-driven info-mediaries','managed-client-driven-info-mediaries',30,'Integer tincidunt ante vel ipsum. Praesent blandit lacinia erat. Vestibulum sed magna at nunc commodo placerat.','Nulla justo.',30,'A','2017-10-11 11:17:23','2018-04-21 02:40:40','NZ-3.jpg'),(36,7,'Adaptive client-driven website','adaptive-client-driven-website',30,'Donec posuere metus vitae ipsum. Aliquam non mauris. Morbi non lectus. Aliquam sit amet diam in magna bibendum imperdiet. Nullam orci pede, venenatis non, sodales sed, tincidunt eu, felis.',NULL,25,'I','2017-11-07 00:23:02','2018-02-28 08:10:34','iphoto-fotografos-de-paisagem-123-990x658.jpg'),(37,5,'Intuitive grid-enabled extranet','intuitive-grid-enabled-extranet',30,'Ut at dolor quis odio consequat varius. Integer ac leo. Pellentesque ultrices mattis odio. Donec vitae nisi. Nam ultrices, libero non mattis pulvinar, nulla pede ullamcorper augue, a suscipit nulla elit ac nulla.',NULL,23,'E','2018-03-28 22:30:38','2017-12-22 18:29:02','paisagem-do-por-do-sol-do-verao-do-girassol-com-ceus-azuis-26320403.jpg'),(38,7,'Optional upward-trending product','optional-upward-trending-product',30,'Nulla ut erat id mauris vulputate elementum. Nullam varius. Nulla facilisi.',NULL,29,'P','2018-01-07 10:24:40','2017-09-12 02:38:57','3d-render-de-uma-paisagem-tropical-com-palmeiras-e-mar-azul_1048-6386.jpg'),(39,7,'Digitized motivating portal','digitized-motivating-portal',30,'Praesent lectus. Vestibulum quam sapien, varius ut, blandit non, interdum in, ante. Vestibulum ante ipsum primis in faucibus orci luctus et ultrices posuere cubilia Curae; Duis faucibus accumsan odio. Curabitur convallis.','Suspendisse potenti. Nullam porttitor lacus at turpis.',18,'E','2018-01-06 09:22:38','2017-12-09 11:04:35','paisagem-do-por-do-sol-do-verao-do-girassol-com-ceus-azuis-26320403.jpg'),(40,2,'Exclusive demand-driven complexity','exclusive-demand-driven-complexity',30,'Nulla facilisi. Cras non velit nec nisi vulputate nonummy. Maecenas tincidunt lacus at velit.','Ut tellus. Nulla ut erat id mauris vulputate elementum. Nullam varius.',20,'A','2017-07-22 05:58:06','2017-09-28 11:30:38','paisagem-do-por-do-sol-do-verao-do-girassol-com-ceus-azuis-26320403.jpg'),(41,2,'Polarised optimizing model','polarised-optimizing-model',30,'Duis ac nibh. Fusce lacus purus, aliquet at, feugiat non, pretium quis, lectus. Suspendisse potenti. In eleifend quam a odio. In hac habitasse platea dictumst.','Pellentesque eget nunc.',27,'E','2017-08-31 10:04:45','2017-10-15 08:13:31','NZ-3.jpg'),(42,7,'Reactive explicit website','reactive-explicit-website',30,'Proin risus. Praesent lectus. Vestibulum quam sapien, varius ut, blandit non, interdum in, ante. Vestibulum ante ipsum primis in faucibus orci luctus et ultrices posuere cubilia Curae; Duis faucibus accumsan odio. Curabitur convallis.','Morbi non quam nec dui luctus rutrum. Nulla tellus.',1,'A','2017-06-01 05:21:43','2017-07-07 12:01:25','iphoto-fotografos-de-paisagem-123-990x658.jpg'),(43,2,'Reduced asymmetric core','reduced-asymmetric-core',30,'Donec semper sapien a libero. Nam dui. Proin leo odio, porttitor id, consequat in, consequat ut, nulla.',NULL,5,'E','2018-02-06 16:59:16','2017-11-25 22:13:59','NZ-3.jpg'),(44,6,'Fully-configurable dedicated hub','fully-configurable-dedicated-hub',30,'Aenean fermentum. Donec ut mauris eget massa tempor convallis. Nulla neque libero, convallis eget, eleifend luctus, ultricies eu, nibh.','Donec ut mauris eget massa tempor convallis. Nulla neque libero, convallis eget, eleifend luctus, ultricies eu, nibh.',17,'P','2017-05-28 04:31:26','2017-08-18 18:06:33','iphoto-fotografos-de-paisagem-123-990x658.jpg'),(45,6,'Self-enabling incremental info-mediaries','self-enabling-incremental-info-mediaries',30,'Morbi odio odio, elementum eu, interdum eu, tincidunt in, leo. Maecenas pulvinar lobortis est. Phasellus sit amet erat. Nulla tempus.','Aliquam augue quam, sollicitudin vitae, consectetuer eget, rutrum at, lorem. Integer tincidunt ante vel ipsum. Praesent blandit lacinia erat.',12,'A','2018-03-12 22:03:00','2017-11-04 19:38:41','3d-render-de-uma-paisagem-tropical-com-palmeiras-e-mar-azul_1048-6386.jpg'),(46,7,'Fundamental multi-state standardization','fundamental-multi-state-standardization',30,'Praesent blandit. Nam nulla. Integer pede justo, lacinia eget, tincidunt eget, tempus vel, pede.','Quisque erat eros, viverra eget, congue eget, semper rutrum, nulla. Nunc purus.',10,'E','2017-10-05 23:35:48','2017-10-27 09:58:13','3d-render-de-uma-paisagem-tropical-com-palmeiras-e-mar-azul_1048-6386.jpg'),(47,2,'Right-sized homogeneous throughput','right-sized-homogeneous-throughput',30,'Sed accumsan felis. Ut at dolor quis odio consequat varius. Integer ac leo. Pellentesque ultrices mattis odio.',NULL,11,'R','2017-07-30 16:47:44','2018-01-30 13:27:07','3d-render-de-uma-paisagem-tropical-com-palmeiras-e-mar-azul_1048-6386.jpg'),(48,2,'Mandatory demand-driven orchestration','mandatory-demand-driven-orchestration',30,'Praesent blandit lacinia erat. Vestibulum sed magna at nunc commodo placerat. Praesent blandit. Nam nulla.','Cum sociis natoque penatibus et magnis dis parturient montes, nascetur ridiculus mus. Vivamus vestibulum sagittis sapien. Cum sociis natoque penatibus et magnis dis parturient montes, nascetur ridiculus mus.',26,'I','2018-02-06 03:17:00','2017-08-12 21:55:03','b2f13edfbc51d493213d7bf0103fe951.jpg'),(49,7,'Virtual next generation orchestration','virtual-next-generation-orchestration',30,'Aliquam sit amet diam in magna bibendum imperdiet. Nullam orci pede, venenatis non, sodales sed, tincidunt eu, felis. Fusce posuere felis sed lacus. Morbi sem mauris, laoreet ut, rhoncus aliquet, pulvinar sed, nisl. Nunc rhoncus dui vel sem.',NULL,29,'R','2017-05-30 07:21:28','2017-06-02 13:19:19','paisagem-do-por-do-sol-do-verao-do-girassol-com-ceus-azuis-26320403.jpg'),(50,2,'Programmable tertiary productivity','programmable-tertiary-productivity',30,'Aliquam sit amet diam in magna bibendum imperdiet. Nullam orci pede, venenatis non, sodales sed, tincidunt eu, felis. Fusce posuere felis sed lacus. Morbi sem mauris, laoreet ut, rhoncus aliquet, pulvinar sed, nisl. Nunc rhoncus dui vel sem.','Pellentesque ultrices mattis odio. Donec vitae nisi. Nam ultrices, libero non mattis pulvinar, nulla pede ullamcorper augue, a suscipit nulla elit ac nulla.',11,'A','2018-03-05 00:22:33','2017-06-07 07:24:54','3d-render-de-uma-paisagem-tropical-com-palmeiras-e-mar-azul_1048-6386.jpg'),(51,5,'Function-based value-added array','function-based-value-added-array',30,'Nullam sit amet turpis elementum ligula vehicula consequat. Morbi a ipsum. Integer a nibh.',NULL,16,'E','2017-05-29 22:16:40','2017-07-19 22:28:03','3d-render-de-uma-paisagem-tropical-com-palmeiras-e-mar-azul_1048-6386.jpg'),(52,7,'Sharable optimal initiative','sharable-optimal-initiative',30,'Pellentesque viverra pede ac diam. Cras pellentesque volutpat dui. Maecenas tristique, est et tempus semper, est quam pharetra magna, ac consequat metus sapien ut nunc. Vestibulum ante ipsum primis in faucibus orci luctus et ultrices posuere cubilia Curae; Mauris viverra diam vitae quam.',NULL,27,'A','2018-03-15 07:34:44','2018-02-14 13:57:35','3d-render-de-uma-paisagem-tropical-com-palmeiras-e-mar-azul_1048-6386.jpg'),(53,7,'Reverse-engineered clear-thinking array','reverse-engineered-clear-thinking-array',30,'Vivamus in felis eu sapien cursus vestibulum. Proin eu mi. Nulla ac enim.','Aenean fermentum. Donec ut mauris eget massa tempor convallis.',28,'I','2018-05-07 09:00:22','2017-06-06 03:28:38','b2f13edfbc51d493213d7bf0103fe951.jpg'),(54,7,'Configurable asymmetric workforce','configurable-asymmetric-workforce',30,'Duis mattis egestas metus. Aenean fermentum. Donec ut mauris eget massa tempor convallis.','Vestibulum ac est lacinia nisi venenatis tristique.',25,'R','2017-10-27 04:48:54','2017-05-29 00:16:19','b2f13edfbc51d493213d7bf0103fe951.jpg'),(55,5,'Open-architected 4th generation solution','open-architected-4th-generation-solution',30,'Donec diam neque, vestibulum eget, vulputate ut, ultrices vel, augue. Vestibulum ante ipsum primis in faucibus orci luctus et ultrices posuere cubilia Curae; Donec pharetra, magna vestibulum aliquet ultrices, erat tortor sollicitudin mi, sit amet lobortis sapien sapien non mi. Integer ac neque. Duis bibendum. Morbi non quam nec dui luctus rutrum.','Fusce congue, diam id ornare imperdiet, sapien urna pretium nisl, ut volutpat sapien arcu sed augue. Aliquam erat volutpat.',4,'A','2017-09-21 01:04:52','2018-04-21 12:25:53','b2f13edfbc51d493213d7bf0103fe951.jpg'),(56,7,'Devolved zero defect hierarchy','devolved-zero-defect-hierarchy',30,'Nullam orci pede, venenatis non, sodales sed, tincidunt eu, felis. Fusce posuere felis sed lacus. Morbi sem mauris, laoreet ut, rhoncus aliquet, pulvinar sed, nisl. Nunc rhoncus dui vel sem. Sed sagittis.',NULL,20,'R','2017-07-06 06:04:52','2017-12-19 05:13:53','iphoto-fotografos-de-paisagem-123-990x658.jpg'),(57,6,'Synergized maximized algorithm','synergized-maximized-algorithm',30,'Donec posuere metus vitae ipsum. Aliquam non mauris. Morbi non lectus. Aliquam sit amet diam in magna bibendum imperdiet. Nullam orci pede, venenatis non, sodales sed, tincidunt eu, felis.',NULL,7,'R','2017-07-22 16:18:40','2017-07-23 09:17:06','b2f13edfbc51d493213d7bf0103fe951.jpg'),(58,6,'Multi-channelled well-modulated emulation','multi-channelled-well-modulated-emulation',30,'In tempor, turpis nec euismod scelerisque, quam turpis adipiscing lorem, vitae mattis nibh ligula nec sem. Duis aliquam convallis nunc. Proin at turpis a pede posuere nonummy. Integer non velit.','Pellentesque ultrices mattis odio. Donec vitae nisi.',8,'E','2017-11-03 11:07:06','2018-03-15 09:53:25','b2f13edfbc51d493213d7bf0103fe951.jpg'),(59,6,'Intuitive web-enabled knowledge base','intuitive-web-enabled-knowledge-base',30,'Quisque porta volutpat erat. Quisque erat eros, viverra eget, congue eget, semper rutrum, nulla. Nunc purus. Phasellus in felis.','Proin eu mi.',16,'P','2017-09-28 20:20:29','2017-06-04 10:09:09','b2f13edfbc51d493213d7bf0103fe951.jpg'),(60,7,'Reverse-engineered human-resource service-desk','reverse-engineered-human-resource-service-desk',30,'Vestibulum rutrum rutrum neque. Aenean auctor gravida sem. Praesent id massa id nisl venenatis lacinia. Aenean sit amet justo.','Aliquam erat volutpat.',26,'P','2018-03-10 05:43:37','2017-12-30 12:00:26','iphoto-fotografos-de-paisagem-123-990x658.jpg'),(61,6,'Digitized modular workforce','digitized-modular-workforce',30,'Vestibulum ante ipsum primis in faucibus orci luctus et ultrices posuere cubilia Curae; Donec pharetra, magna vestibulum aliquet ultrices, erat tortor sollicitudin mi, sit amet lobortis sapien sapien non mi. Integer ac neque. Duis bibendum.','Nunc purus. Phasellus in felis.',3,'I','2018-03-24 23:36:55','2018-01-02 19:44:10','paisagem-do-por-do-sol-do-verao-do-girassol-com-ceus-azuis-26320403.jpg'),(62,2,'Sharable neutral hub','sharable-neutral-hub',30,'Etiam pretium iaculis justo. In hac habitasse platea dictumst. Etiam faucibus cursus urna.','Fusce lacus purus, aliquet at, feugiat non, pretium quis, lectus. Suspendisse potenti.',17,'E','2017-09-09 05:34:03','2017-07-29 14:12:47','NZ-3.jpg'),(63,2,'Diverse explicit ability','diverse-explicit-ability',30,'Maecenas ut massa quis augue luctus tincidunt. Nulla mollis molestie lorem. Quisque ut erat.','Integer ac neque.',1,'I','2017-11-17 02:42:03','2017-09-12 18:01:46','iphoto-fotografos-de-paisagem-123-990x658.jpg'),(64,7,'Grass-roots 5th generation installation','grass-roots-5th-generation-installation',30,'Nam ultrices, libero non mattis pulvinar, nulla pede ullamcorper augue, a suscipit nulla elit ac nulla. Sed vel enim sit amet nunc viverra dapibus. Nulla suscipit ligula in lacus. Curabitur at ipsum ac tellus semper interdum.','Morbi sem mauris, laoreet ut, rhoncus aliquet, pulvinar sed, nisl.',18,'E','2018-04-10 16:13:43','2017-07-17 16:22:23','iphoto-fotografos-de-paisagem-123-990x658.jpg'),(65,6,'Diverse client-driven data-warehouse','diverse-client-driven-data-warehouse',30,'Cras mi pede, malesuada in, imperdiet et, commodo vulputate, justo. In blandit ultrices enim. Lorem ipsum dolor sit amet, consectetuer adipiscing elit. Proin interdum mauris non ligula pellentesque ultrices. Phasellus id sapien in sapien iaculis congue.',NULL,1,'R','2018-03-01 14:38:44','2018-04-30 14:47:41','paisagem-do-por-do-sol-do-verao-do-girassol-com-ceus-azuis-26320403.jpg'),(66,7,'Exclusive directional frame','exclusive-directional-frame',30,'Donec semper sapien a libero. Nam dui. Proin leo odio, porttitor id, consequat in, consequat ut, nulla.','In hac habitasse platea dictumst. Aliquam augue quam, sollicitudin vitae, consectetuer eget, rutrum at, lorem. Integer tincidunt ante vel ipsum.',30,'I','2018-02-28 01:16:34','2018-01-23 07:58:16','paisagem-do-por-do-sol-do-verao-do-girassol-com-ceus-azuis-26320403.jpg'),(67,7,'Face to face value-added adapter','face-to-face-value-added-adapter',30,'Nulla neque libero, convallis eget, eleifend luctus, ultricies eu, nibh. Quisque id justo sit amet sapien dignissim vestibulum. Vestibulum ante ipsum primis in faucibus orci luctus et ultrices posuere cubilia Curae; Nulla dapibus dolor vel est. Donec odio justo, sollicitudin ut, suscipit a, feugiat et, eros.',NULL,19,'I','2017-07-04 18:32:43','2017-11-07 01:57:22','paisagem-do-por-do-sol-do-verao-do-girassol-com-ceus-azuis-26320403.jpg'),(68,5,'Progressive incremental ability','progressive-incremental-ability',30,'Nulla ac enim. In tempor, turpis nec euismod scelerisque, quam turpis adipiscing lorem, vitae mattis nibh ligula nec sem. Duis aliquam convallis nunc.',NULL,12,'I','2018-04-05 16:29:14','2017-06-17 16:27:46','b2f13edfbc51d493213d7bf0103fe951.jpg'),(69,6,'Reduced bi-directional function','reduced-bi-directional-function',30,'Sed sagittis. Nam congue, risus semper porta volutpat, quam pede lobortis ligula, sit amet eleifend pede libero quis orci. Nullam molestie nibh in lectus. Pellentesque at nulla.',NULL,7,'R','2018-01-27 15:44:37','2017-11-10 18:56:48','paisagem-do-por-do-sol-do-verao-do-girassol-com-ceus-azuis-26320403.jpg'),(70,7,'Assimilated executive algorithm','assimilated-executive-algorithm',30,'Lorem ipsum dolor sit amet, consectetuer adipiscing elit. Proin risus. Praesent lectus. Vestibulum quam sapien, varius ut, blandit non, interdum in, ante.',NULL,26,'I','2017-06-11 00:24:57','2018-04-24 20:04:23','NZ-3.jpg'),(71,2,'Operative incremental parallelism','operative-incremental-parallelism',30,'Pellentesque viverra pede ac diam. Cras pellentesque volutpat dui. Maecenas tristique, est et tempus semper, est quam pharetra magna, ac consequat metus sapien ut nunc. Vestibulum ante ipsum primis in faucibus orci luctus et ultrices posuere cubilia Curae; Mauris viverra diam vitae quam.',NULL,17,'R','2017-08-14 09:57:36','2017-11-07 16:54:36','NZ-3.jpg'),(72,7,'Centralized human-resource initiative','centralized-human-resource-initiative',30,'Nulla justo. Aliquam quis turpis eget elit sodales scelerisque. Mauris sit amet eros. Suspendisse accumsan tortor quis turpis. Sed ante.','Vestibulum quam sapien, varius ut, blandit non, interdum in, ante. Vestibulum ante ipsum primis in faucibus orci luctus et ultrices posuere cubilia Curae; Duis faucibus accumsan odio. Curabitur convallis.',22,'P','2018-02-27 13:40:46','2017-07-10 08:57:51','paisagem-do-por-do-sol-do-verao-do-girassol-com-ceus-azuis-26320403.jpg'),(73,2,'Re-engineered intermediate implementation','re-engineered-intermediate-implementation',30,'Sed accumsan felis. Ut at dolor quis odio consequat varius. Integer ac leo. Pellentesque ultrices mattis odio. Donec vitae nisi.','Cras mi pede, malesuada in, imperdiet et, commodo vulputate, justo. In blandit ultrices enim.',1,'P','2017-08-11 07:51:32','2017-12-31 21:02:12','3d-render-de-uma-paisagem-tropical-com-palmeiras-e-mar-azul_1048-6386.jpg'),(74,2,'Monitored executive productivity','monitored-executive-productivity',30,'Duis ac nibh. Fusce lacus purus, aliquet at, feugiat non, pretium quis, lectus. Suspendisse potenti. In eleifend quam a odio. In hac habitasse platea dictumst.','Maecenas tincidunt lacus at velit.',25,'P','2018-03-27 18:38:51','2017-07-13 22:24:39','NZ-3.jpg'),(75,2,'Total fault-tolerant interface','total-fault-tolerant-interface',30,'Ut tellus. Nulla ut erat id mauris vulputate elementum. Nullam varius. Nulla facilisi.',NULL,8,'P','2017-09-15 10:02:38','2018-01-18 08:24:21','b2f13edfbc51d493213d7bf0103fe951.jpg'),(76,5,'Down-sized responsive neural-net','down-sized-responsive-neural-net',30,'Vestibulum sed magna at nunc commodo placerat. Praesent blandit. Nam nulla.','Morbi ut odio. Cras mi pede, malesuada in, imperdiet et, commodo vulputate, justo. In blandit ultrices enim.',3,'P','2018-02-25 10:54:22','2018-03-06 15:36:50','3d-render-de-uma-paisagem-tropical-com-palmeiras-e-mar-azul_1048-6386.jpg'),(77,2,'Organized zero administration support','organized-zero-administration-support',30,'Morbi vel lectus in quam fringilla rhoncus. Mauris enim leo, rhoncus sed, vestibulum sit amet, cursus id, turpis. Integer aliquet, massa id lobortis convallis, tortor risus dapibus augue, vel accumsan tellus nisi eu orci. Mauris lacinia sapien quis libero. Nullam sit amet turpis elementum ligula vehicula consequat.','Quisque id justo sit amet sapien dignissim vestibulum. Vestibulum ante ipsum primis in faucibus orci luctus et ultrices posuere cubilia Curae; Nulla dapibus dolor vel est.',24,'A','2017-05-18 19:30:31','2018-02-13 18:48:29','3d-render-de-uma-paisagem-tropical-com-palmeiras-e-mar-azul_1048-6386.jpg'),(78,5,'Extended full-range forecast','extended-full-range-forecast',30,'In hac habitasse platea dictumst. Maecenas ut massa quis augue luctus tincidunt. Nulla mollis molestie lorem. Quisque ut erat.',NULL,9,'I','2017-10-29 15:17:15','2017-10-13 11:41:39','paisagem-do-por-do-sol-do-verao-do-girassol-com-ceus-azuis-26320403.jpg'),(79,6,'Vision-oriented user-facing adapter','vision-oriented-user-facing-adapter',30,'Lorem ipsum dolor sit amet, consectetuer adipiscing elit. Proin risus. Praesent lectus. Vestibulum quam sapien, varius ut, blandit non, interdum in, ante.','Phasellus in felis. Donec semper sapien a libero. Nam dui.',27,'R','2017-09-22 18:00:22','2018-04-27 21:32:09','paisagem-do-por-do-sol-do-verao-do-girassol-com-ceus-azuis-26320403.jpg'),(80,6,'Sharable encompassing matrix','sharable-encompassing-matrix',30,'Pellentesque eget nunc. Donec quis orci eget orci vehicula condimentum. Curabitur in libero ut massa volutpat convallis. Morbi odio odio, elementum eu, interdum eu, tincidunt in, leo. Maecenas pulvinar lobortis est.',NULL,9,'P','2017-05-21 13:41:38','2018-02-08 09:17:10','b2f13edfbc51d493213d7bf0103fe951.jpg'),(81,2,'Total 6th generation migration','total-6th-generation-migration',30,'Curabitur gravida nisi at nibh. In hac habitasse platea dictumst. Aliquam augue quam, sollicitudin vitae, consectetuer eget, rutrum at, lorem. Integer tincidunt ante vel ipsum.','Fusce posuere felis sed lacus. Morbi sem mauris, laoreet ut, rhoncus aliquet, pulvinar sed, nisl.',18,'P','2017-12-02 10:48:16','2018-02-10 09:52:53','3d-render-de-uma-paisagem-tropical-com-palmeiras-e-mar-azul_1048-6386.jpg'),(82,2,'Polarised full-range hub','polarised-full-range-hub',30,'Integer ac leo. Pellentesque ultrices mattis odio. Donec vitae nisi.','Pellentesque eget nunc. Donec quis orci eget orci vehicula condimentum.',8,'A','2017-11-05 06:23:37','2017-12-10 05:07:08','iphoto-fotografos-de-paisagem-123-990x658.jpg'),(83,2,'Universal value-added paradigm','universal-value-added-paradigm',30,'Etiam faucibus cursus urna. Ut tellus. Nulla ut erat id mauris vulputate elementum.','In est risus, auctor sed, tristique in, tempus sit amet, sem.',16,'R','2017-07-16 15:39:19','2017-06-05 13:23:21','NZ-3.jpg'),(84,7,'Customer-focused full-range software','customer-focused-full-range-software',30,'Praesent blandit. Nam nulla. Integer pede justo, lacinia eget, tincidunt eget, tempus vel, pede. Morbi porttitor lorem id ligula.',NULL,1,'P','2018-04-16 13:09:21','2018-03-11 04:07:59','b2f13edfbc51d493213d7bf0103fe951.jpg'),(85,6,'Horizontal stable time-frame','horizontal-stable-time-frame',30,'Suspendisse accumsan tortor quis turpis. Sed ante. Vivamus tortor. Duis mattis egestas metus.',NULL,21,'E','2017-11-04 16:26:08','2017-07-19 13:07:39','NZ-3.jpg'),(86,2,'Robust demand-driven orchestration','robust-demand-driven-orchestration',30,'Phasellus id sapien in sapien iaculis congue. Vivamus metus arcu, adipiscing molestie, hendrerit at, vulputate vitae, nisl. Aenean lectus. Pellentesque eget nunc. Donec quis orci eget orci vehicula condimentum.','Duis bibendum, felis sed interdum venenatis, turpis enim blandit mi, in porttitor pede justo eu massa. Donec dapibus. Duis at velit eu est congue elementum.',11,'I','2017-11-27 10:01:54','2017-08-03 13:58:14','3d-render-de-uma-paisagem-tropical-com-palmeiras-e-mar-azul_1048-6386.jpg'),(87,5,'Function-based attitude-oriented knowledge base','function-based-attitude-oriented-knowledge-base',30,'Morbi vestibulum, velit id pretium iaculis, diam erat fermentum justo, nec condimentum neque sapien placerat ante. Nulla justo. Aliquam quis turpis eget elit sodales scelerisque. Mauris sit amet eros. Suspendisse accumsan tortor quis turpis.',NULL,14,'A','2018-05-03 15:33:58','2017-11-30 13:44:04','NZ-3.jpg'),(88,7,'Synchronised value-added encoding','synchronised-value-added-encoding',30,'Curabitur convallis. Duis consequat dui nec nisi volutpat eleifend. Donec ut dolor.','Suspendisse potenti. Nullam porttitor lacus at turpis. Donec posuere metus vitae ipsum.',3,'E','2018-03-27 04:31:49','2018-01-28 01:09:03','paisagem-do-por-do-sol-do-verao-do-girassol-com-ceus-azuis-26320403.jpg'),(89,6,'Team-oriented system-worthy projection','team-oriented-system-worthy-projection',30,'Nullam porttitor lacus at turpis. Donec posuere metus vitae ipsum. Aliquam non mauris. Morbi non lectus. Aliquam sit amet diam in magna bibendum imperdiet.',NULL,15,'E','2017-07-05 08:27:45','2017-10-21 14:05:52','paisagem-do-por-do-sol-do-verao-do-girassol-com-ceus-azuis-26320403.jpg'),(90,7,'Pre-emptive global success','pre-emptive-global-success',30,'Nunc nisl. Duis bibendum, felis sed interdum venenatis, turpis enim blandit mi, in porttitor pede justo eu massa. Donec dapibus.','Maecenas leo odio, condimentum id, luctus nec, molestie sed, justo.',27,'P','2017-12-30 19:24:06','2017-09-05 13:10:02','b2f13edfbc51d493213d7bf0103fe951.jpg'),(91,6,'Extended 4th generation customer loyalty','extended-4th-generation-customer-loyalty',30,'Integer pede justo, lacinia eget, tincidunt eget, tempus vel, pede. Morbi porttitor lorem id ligula. Suspendisse ornare consequat lectus. In est risus, auctor sed, tristique in, tempus sit amet, sem.',NULL,28,'A','2017-12-12 02:33:24','2018-03-17 18:44:19','NZ-3.jpg'),(92,5,'Right-sized background projection','right-sized-background-projection',30,'Proin leo odio, porttitor id, consequat in, consequat ut, nulla. Sed accumsan felis. Ut at dolor quis odio consequat varius.',NULL,14,'E','2017-12-30 12:56:42','2017-10-10 13:28:50','paisagem-do-por-do-sol-do-verao-do-girassol-com-ceus-azuis-26320403.jpg'),(93,7,'Digitized client-server project','digitized-client-server-project',30,'Curabitur gravida nisi at nibh. In hac habitasse platea dictumst. Aliquam augue quam, sollicitudin vitae, consectetuer eget, rutrum at, lorem. Integer tincidunt ante vel ipsum. Praesent blandit lacinia erat.','Nulla justo.',29,'A','2017-11-02 17:34:32','2018-03-12 08:56:24','NZ-3.jpg'),(94,5,'Expanded responsive secured line','expanded-responsive-secured-line',30,'Cum sociis natoque penatibus et magnis dis parturient montes, nascetur ridiculus mus. Etiam vel augue. Vestibulum rutrum rutrum neque. Aenean auctor gravida sem.','Nunc purus.',14,'A','2017-08-25 12:58:41','2018-03-29 19:42:01','3d-render-de-uma-paisagem-tropical-com-palmeiras-e-mar-azul_1048-6386.jpg'),(95,2,'Compatible motivating application','compatible-motivating-application',30,'Morbi non quam nec dui luctus rutrum. Nulla tellus. In sagittis dui vel nisl. Duis ac nibh.','Morbi non quam nec dui luctus rutrum.',2,'R','2018-03-19 20:24:13','2018-03-11 11:13:46','b2f13edfbc51d493213d7bf0103fe951.jpg'),(96,7,'Profound client-driven firmware','profound-client-driven-firmware',30,'Donec diam neque, vestibulum eget, vulputate ut, ultrices vel, augue. Vestibulum ante ipsum primis in faucibus orci luctus et ultrices posuere cubilia Curae; Donec pharetra, magna vestibulum aliquet ultrices, erat tortor sollicitudin mi, sit amet lobortis sapien sapien non mi. Integer ac neque. Duis bibendum. Morbi non quam nec dui luctus rutrum.','Mauris enim leo, rhoncus sed, vestibulum sit amet, cursus id, turpis.',25,'E','2017-09-18 18:21:02','2017-10-28 03:21:42','NZ-3.jpg'),(97,6,'Profound explicit solution','profound-explicit-solution',30,'Aliquam quis turpis eget elit sodales scelerisque. Mauris sit amet eros. Suspendisse accumsan tortor quis turpis.','Mauris sit amet eros.',17,'E','2017-10-14 12:29:40','2017-09-26 04:47:33','paisagem-do-por-do-sol-do-verao-do-girassol-com-ceus-azuis-26320403.jpg'),(98,6,'Versatile 6th generation open system','versatile-6th-generation-open-system',30,'Morbi non lectus. Aliquam sit amet diam in magna bibendum imperdiet. Nullam orci pede, venenatis non, sodales sed, tincidunt eu, felis. Fusce posuere felis sed lacus. Morbi sem mauris, laoreet ut, rhoncus aliquet, pulvinar sed, nisl.','Curabitur at ipsum ac tellus semper interdum. Mauris ullamcorper purus sit amet nulla.',8,'R','2017-05-22 05:53:24','2018-03-30 06:59:01','b2f13edfbc51d493213d7bf0103fe951.jpg'),(99,6,'Enhanced holistic encryption','enhanced-holistic-encryption',30,'Morbi odio odio, elementum eu, interdum eu, tincidunt in, leo. Maecenas pulvinar lobortis est. Phasellus sit amet erat. Nulla tempus. Vivamus in felis eu sapien cursus vestibulum.',NULL,18,'P','2017-10-17 18:18:13','2017-09-28 10:20:30','paisagem-do-por-do-sol-do-verao-do-girassol-com-ceus-azuis-26320403.jpg'),(100,5,'Fully-configurable client-server encoding','fully-configurable-client-server-encoding',30,'Nam congue, risus semper porta volutpat, quam pede lobortis ligula, sit amet eleifend pede libero quis orci. Nullam molestie nibh in lectus. Pellentesque at nulla.','Quisque erat eros, viverra eget, congue eget, semper rutrum, nulla. Nunc purus. Phasellus in felis.',4,'I','2018-03-09 04:10:28','2018-02-20 01:15:04','NZ-3.jpg'),(101,6,'Quality-focused web-enabled concept','quality-focused-web-enabled-concept',30,'Vestibulum ante ipsum primis in faucibus orci luctus et ultrices posuere cubilia Curae; Nulla dapibus dolor vel est. Donec odio justo, sollicitudin ut, suscipit a, feugiat et, eros. Vestibulum ac est lacinia nisi venenatis tristique. Fusce congue, diam id ornare imperdiet, sapien urna pretium nisl, ut volutpat sapien arcu sed augue.','Mauris enim leo, rhoncus sed, vestibulum sit amet, cursus id, turpis. Integer aliquet, massa id lobortis convallis, tortor risus dapibus augue, vel accumsan tellus nisi eu orci. Mauris lacinia sapien quis libero.',28,'I','2017-06-07 15:30:03','2018-03-06 22:57:09','NZ-3.jpg'),(102,2,'Fundamental disintermediate methodology','fundamental-disintermediate-methodology',30,'Aenean fermentum. Donec ut mauris eget massa tempor convallis. Nulla neque libero, convallis eget, eleifend luctus, ultricies eu, nibh. Quisque id justo sit amet sapien dignissim vestibulum.','Suspendisse ornare consequat lectus.',23,'I','2017-08-09 17:47:59','2018-01-03 03:04:09','iphoto-fotografos-de-paisagem-123-990x658.jpg');
/*!40000 ALTER TABLE `servico` ENABLE KEYS */;
UNLOCK TABLES;

--
-- Table structure for table `usuario`
--

DROP TABLE IF EXISTS `usuario`;
/*!40101 SET @saved_cs_client     = @@character_set_client */;
/*!40101 SET character_set_client = utf8 */;
CREATE TABLE `usuario` (
  `id` int(11) NOT NULL AUTO_INCREMENT,
  `nome` varchar(50) COLLATE utf8mb4_unicode_ci NOT NULL,
  `email` varchar(100) COLLATE utf8mb4_unicode_ci NOT NULL,
  `senha` varchar(100) COLLATE utf8mb4_unicode_ci NOT NULL,
  `status` tinyint(1) NOT NULL,
  `token` varchar(32) COLLATE utf8mb4_unicode_ci NOT NULL,
  `data_cadastro` datetime NOT NULL COMMENT '(DC2Type:datetime_immutable)',
  `data_alteracao` datetime DEFAULT NULL COMMENT '(DC2Type:datetime_immutable)',
  `roles` json NOT NULL COMMENT '(DC2Type:json_array)',
  PRIMARY KEY (`id`)
) ENGINE=InnoDB AUTO_INCREMENT=8 DEFAULT CHARSET=utf8mb4 COLLATE=utf8mb4_unicode_ci;
/*!40101 SET character_set_client = @saved_cs_client */;

--
-- Dumping data for table `usuario`
--

LOCK TABLES `usuario` WRITE;
/*!40000 ALTER TABLE `usuario` DISABLE KEYS */;
INSERT INTO `usuario` VALUES (1,'Administrador','admin@admin.com','$2y$12$D9lwe/CKVV0uOsBcVQba4.KxcnYBwT69/Sty9WPtZO.hRdZGp/vWW',1,'a907dccce3b38072a529c0d639eb7bfc','2018-04-20 08:00:00','2018-04-20 08:00:00','[\"ROLE_ADMIN\"]'),(2,'Gilson Reis','yv0cnmlca@disbox.org','$2y$12$wapkmjEz2RVhB79gB3F2suNiISGOZoBuWhym1ssupGByhYfbygFpi',1,'f7f4767d160875e5c911e6b484e85cb3','2018-04-20 01:31:27','2018-05-03 09:11:01','[\"ROLE_CLIENTE\"]'),(5,'School of net','wkubwibzy@tmails.net','$2y$12$wapkmjEz2RVhB79gB3F2suNiISGOZoBuWhym1ssupGByhYfbygFpi',1,'8a0f04493b39650138f022a3add7103d','2018-04-20 02:11:01','2018-04-20 02:14:50','[\"ROLE_CLIENTE\"]'),(6,'Usuario teste 2','h309855@nwytg.com','$2y$12$wapkmjEz2RVhB79gB3F2suNiISGOZoBuWhym1ssupGByhYfbygFpi',1,'e779c515e2c6d8573ae2ec299e79fa35','2018-05-03 06:12:35','2018-05-03 06:47:44','[\"ROLE_CLIENTE\"]'),(7,'Usuario teste 3','dz7efhspy@disbox.org','$2y$12$ejWDhhCSmyvR8.9y1Lbx3Ouo5fTiftaCRfLNYLfWxis8YjvWNms1m',1,'c3239bbdd7882584df242c0f53cf4c17','2018-05-03 08:14:36','2018-05-03 08:14:54','[\"ROLE_FREELA\"]');
/*!40000 ALTER TABLE `usuario` ENABLE KEYS */;
UNLOCK TABLES;
/*!40103 SET TIME_ZONE=@OLD_TIME_ZONE */;

/*!40101 SET SQL_MODE=@OLD_SQL_MODE */;
/*!40014 SET FOREIGN_KEY_CHECKS=@OLD_FOREIGN_KEY_CHECKS */;
/*!40014 SET UNIQUE_CHECKS=@OLD_UNIQUE_CHECKS */;
/*!40101 SET CHARACTER_SET_CLIENT=@OLD_CHARACTER_SET_CLIENT */;
/*!40101 SET CHARACTER_SET_RESULTS=@OLD_CHARACTER_SET_RESULTS */;
/*!40101 SET COLLATION_CONNECTION=@OLD_COLLATION_CONNECTION */;
/*!40111 SET SQL_NOTES=@OLD_SQL_NOTES */;

-- Dump completed on 2018-05-10  1:35:45
